Workbook

Sheet Ghid
A1: Strategia de prețuri – Travel Concept - Silver Mountain (A13)
A2: Un singur loc de modificare: foaia „Sezoane” (+ setările din „Platforme”). Restul se calculează automat.
A4: PRINCIPIUL
A5: 1. Pe site câștigi cu 5% mai mult decât pe platforme (reglabil în „Platforme” B31). | B5: Prețul de pe fiecare platformă se calculează din tariful site-ului: câștigul net de pe site ÷ 1,05, apoi „umflat” cu comisionul și reducerile automate ale platformei.
A6: 2. Pe site, oaspetele plătește cel mai puțin. | B6: Diferența față de platforme e egală cu comisionul economisit (12–16%). E un motiv clar să rezerve direct. Din dec. 2024 Booking nu mai poate impune paritatea de preț în UE (DMA).
A7: 3. Aceleași sezoane, aceleași nopți minime, aceleași reduceri pe durată – peste tot. | B7: Sezoanele și regulile se definesc o singură dată și se copiază pe platforme după lista din „Checklist”.
A9: CUM SE FOLOSEȘTE
A10: Pas 1 – Sezoane | B10: Modifici doar celulele galbene cu text albastru: perioade, tarif site, nopți minime, reduceri pe durată.
A11: Pas 2 – Platforme | B11: Verifici comisioanele și reducerile automate (ex. mobil Booking 10%). Se schimbă rar. Tot aici alegi cât ții cont de sugestiile de preț Airbnb.
A12: Pas 3 – Prețuri de setat | B12: Citești prețul calculat pentru fiecare platformă și sezon. Coloanele „Acum” arată ce e setat azi; roșu = diferă.
A13: Pas 4 – Checklist | B13: Setezi prețurile pe Booking, Airbnb, Travelminit și bifezi.
A14: Pas 5 – Site | B14: Salvezi fișierul ca pricing/tarife.xlsx în repo și faci push: site-ul se actualizează singur (foaia „Export site”).
A15: Verificare | B15: Foaia „Verificare” semnalează suprapuneri, goluri între sezoane și sezoane neordonate.
A16: Simulator | B16: Alegi data, nopțile și adulții: vezi cât plătește oaspetele și cât câștigi pe fiecare canal.
A17: Calendar | B17: Prețul zi cu zi pentru 12 luni, pe fiecare canal – util când introduci prețuri pe intervale în extranet.
A19: LEGENDĂ
A20: Celulă galbenă, text albastru | B20: Date de intrare – le poți modifica.
A21: Celulă albastru-deschis | B21: Calculat automat – nu modifica.
A22: Text verde | B22: Preluat din altă foaie.
A24: IMPORTANT
A25: Foaia „Export site” | B25: O citește automat site-ul (scriptul update-pricing.cjs). Nu o redenumi, nu o șterge, nu scrie în ea.
A26: Ordinea sezoanelor | B26: Sezoanele trebuie scrise în ordine cronologică, fără suprapuneri.
A27: Platformele nu se actualizează singure | B27: Booking, Airbnb și Travelminit se setează manual (sau printr-un channel manager). Excelul îți spune exact ce valori să pui.
A28: Date colectate | B28: Comisioanele și prețurile actuale au fost citite din conturi pe 21.10.2026 – vezi foaia „Date actuale”.

Sheet Sezoane
A1: Sezoane – singurul loc unde modifici prețurile
A2: Tarif site = prețul pe noapte plătit de oaspete la rezervare directă, cu taxele locale incluse, înainte de reducerile pe durată. Reducere goală = fără reducere pentru acea durată.
A3: Scrie sezoanele în ordine cronologică. Rânduri libere: până la rândul 40.
A5: ID sezon | B5: Denumire | C5: Data început | D5: Data sfârșit | E5: Tarif site / noapte | F5: Nopți minime | G5: Reducere 2 nopți | H5: Reducere 3 nopți | I5: Reducere 4 nopți | J5: Reducere 5 nopți | K5: Reducere 6 nopți | L5: Reducere 7+ nopți | M5: Politică anulare (platforme) | N5: Observații | O5: Sugestie Airbnb / noapte (opțional)
A6: vara-toamna-2026 | B6: Sezon vară | C6: 46204 | D6: 46356 | E6: 900 | F6: 2 | G6: 0.1 | H6: 0.15 | I6: 0.2 | J6: 0.25 | K6: 0.3 | L6: 0.33 | M6: Flexibil 14 zile | O6: 474
A7: iarna-2026 | B7: Sezon iarnă | C7: 46357 | D7: 46376 | E7: 1250 | F7: 2 | G7: 0.1 | H7: 0.15 | I7: 0.2 | J7: 0.25 | K7: 0.3 | L7: 0.33 | M7: Flexibil 14 zile
A8: Craciun-2026 | B8: Sezon iarnă | C8: 46377 | D8: 46383 | E8: 1500 | F8: 3 | H8: 0 | M8: Nerambursabil | N8: Sărbători: fără reduceri pe durată
A9: Revelion-2026-2027 | B9: Sezon iarnă | C9: 46384 | D9: 46391 | E9: 1800 | F9: 4 | I9: 0 | M9: Nerambursabil | N9: Sărbători: fără reduceri pe durată
A10: iarna-2027 | B10: Sezon iarnă | C10: 46392 | D10: 46432 | E10: 1350 | F10: 2 | G10: 0.1 | H10: 0.15 | I10: 0.2 | J10: 0.25 | K10: 0.3 | L10: 0.33 | M10: Flexibil 14 zile
A11: Vacanta-schi-2027 | B11: Sezon iarnă | C11: 46433 | D11: 46453 | E11: 1450 | F11: 2 | G11: 0.1 | H11: 0.15 | I11: 0.2 | J11: 0.25 | K11: 0.3 | L11: 0.33 | M11: Flexibil 14 zile | N11: După 07.03.2027 nu există sezon pe site → rezervări directe blocate

Sheet Platforme
A1: Platforme – comisioane, reduceri automate, taxe
A2: Se modifică rar. Valorile au fost verificate în conturi pe 21.10.2026 (vezi „Date actuale”).
A4: Taxe locale incluse în preț (pe noapte)
A5: Taxă turistică / adult / noapte | B5: 7
A6: Taxă Salvamont / adult / noapte | B6: 5
A7: Adulți luați în calcul (ocupare tipică) | B7: 4
A8: Taxe locale / noapte (calculat) | B8: =(B5+B6)*B7 -> 48
A10: Setare | B10: Site direct | C10: Booking.com | D10: Airbnb | E10: Travelminit | F10: Sursă / explicație
A11: Comision platformă | B11: 0 | C11: 0.15 | D11: 0.155 | E11: 0.12 | F11: Booking 15% (din rezervările 6131205469, 5429915812, 6470558532). Airbnb: taxă unică gazdă 15,5% (editor Airbnb: 1.480 lei → câștigi 1.251 lei). Travelminit: „Nivelul de comisionare actual 12%” (admin → Îmbunătățirea poziției).
A12: Costuri procesare plată | B12: 0 | C12: 0.014 | D12: 0 | E12: 0 | F12: Booking „Comision și costuri” = ~16,4% din suma comisionabilă → ~1,4% Plăți prin Booking.com. Site: 0 la transfer bancar (pune % dacă încasezi cu cardul).
A13: Comision calculat fără taxele locale? (1=da, 0=nu) | B13: 1 | C13: 1 | D13: 0 | E13: 0 | F13: Booking scade taxa turistică + Salvamont din suma comisionabilă (ex. 1.458 lei total → 1.362 lei comisionabil). Airbnb/Travelminit: presupus pe tot prețul.
A14: Reducere automată a platformei | B14: 0 | C14: 0.1 | D14: 0 | E14: 0 | F14: Booking: „Mobile rate 10%” activ din 07.06.2026 – oaspeții de pe telefon primesc -10%. Pune 0 dacă o dezactivezi.
A15: Compensez reducerea automată în preț? (1=da, 0=nu) | B15: 0 | C15: 1 | D15: 1 | E15: 1 | F15: 1 = prețul de pe platformă e ridicat astfel încât și după reducerea de mobil câștigul net să fie același.
A16: Rotunjire în sus la (lei) | B16: 10 | C16: 10 | D16: 10 | E16: 10 | F16: Prețurile calculate se rotunjesc în sus la multiplu de 10 lei.
A17: Aplică reducerile pe durată din „Sezoane”? (1=da, 0=nu) | B17: 1 | C17: 1 | D17: 0 | E17: 0 | F17: Booking are planurile „2 zile -10%” … „7 zile -33%” legate de Standard Rate. Airbnb are doar reducere săptămânală/lunară; Travelminit – nu are setate.
A19: Airbnb – reduceri pe durată (globale)
A20: Reducere săptămânală (7+ nopți) | B20: 0.33 | C20: Azi pe Airbnb: 32% săptămânal, 33% lunar. Recomandat: la fel ca site-ul la 7+ nopți (33%).
A21: Reducere lunară (28+ nopți) | B21: 0.33
A23: Comision efectiv total (calculat) | B23: =1-(1-B11)*(1-B12) -> 0 | C23: =1-(1-C11)*(1-C12) -> 0.1619 | D23: =1-(1-D11)*(1-D12) -> 0.155 | E23: =1-(1-E11)*(1-E12) -> 0.12
A25: Airbnb – cât ții cont de sugestiile Airbnb
A26: Pondere sugestie Airbnb (0% = net egal, 100% = exact sugestia) | B26: 0.3 | C26: Prețul Airbnb = amestec între prețul cu net egal și sugestia din „Sezoane” (coloana O). Se aplică doar sezoanelor cu sugestie completată.
A27: Câștig net minim pe Airbnb (% din netul de pe site) | B27: 0.85 | C27: Plasă de siguranță: prețul Airbnb nu coboară sub nivelul la care ai câștiga mai puțin de atât.
A28: Reducere „Rezervări de ultim moment” (0–14 zile) | B28: 0.15 | C28: Recomandat ca răspuns la sugestia Airbnb: prețul rămâne cu net egal când rezervă din timp, și scade doar pentru nopțile încă libere cu 14 zile înainte.
A30: Strategie câștig pe site
A31: Câștig net pe site mai mare decât pe platforme cu | B31: 0.05 | C31: Ex. 5%: dacă pe site câștigi 1.202 lei/noapte, pe platforme prețul e calculat să-ți rămână 1.202 / 1,05 = 1.145 lei. 0% = câștig egal peste tot.

Sheet Prețuri de setat
A1: Prețuri de setat pe fiecare platformă
A2: Calculat din „Sezoane” + „Platforme”. Net egal pe toate canalele; pe site oaspetele plătește cel mai puțin. Coloanele „Acum” = ce e setat azi (21.10.2026); roșu = diferă de recomandare.
A4: ID sezon | B4: De la | C4: Până la | D4: Nopți min. | E4: SITE tarif / noapte | F4: BOOKING Standard Rate | G4: AIRBNB preț / noapte | H4: TRAVELMINIT preț / noapte | I4: Câștig net SITE / noapte | J4: Booking pe mobil (plătește oaspetele) | K4: Site mai ieftin decât cea mai ieftină platformă | L4: Booking ACUM | M4: Airbnb ACUM | N4: Travelminit ACUM | O4: Politică anulare | P4: Sugestie Airbnb | Q4: Câștig net Airbnb | R4: Airbnb față de netul platformelor | S4: Airbnb ultim moment (preț) | T4: Câștig net ultim moment | U4: Câștig net Booking / Travelminit
A5: =IF(Sezoane!$A$6="","",Sezoane!A6) -> vara-toamna-2026 | B5: =IF(Sezoane!$A$6="","",Sezoane!C6) -> 46204 | C5: =IF(Sezoane!$A$6="","",Sezoane!D6) -> 46356 | D5: =IF(Sezoane!$A$6="","",Sezoane!F6) -> 2 | E5: =IF(Sezoane!$A$6="","",Sezoane!E6) -> 900 | F5: =IF(Sezoane!$A$6="","",CEILING(IF(Platforme!$C$13=1,(((Sezoane!E6-Platforme!$B$8)*(1-(Platforme!$B$11+Platforme!$B$12-Platforme!$B$11*Platforme!$B$12))*1/(1+Platforme!$B$31))/(1-(Platforme!$C$11+Platforme!$C$12-Platforme!$C$11*Platforme!$C$12))+Platforme!$B$8)/(1-(Platforme!$C$14*Platforme!$C$15)),(((Sezoane!E6-Platforme!$B$8)*(1-(Platforme!$B$11+Platforme!$B$12-Platforme!$B$11*Platforme!$B$12))*1/(1+Platforme!$B$31))+Platforme!$B$8)/((1-(Platforme!$C$11+Platforme!$C$12-Platforme!$C$11*Platforme!$C$12))*(1-(Platforme!$C$14*Platforme!$C$15)))),Platforme!$C$16)) -> 1130 | G5: =IF(Sezoane!$A$6="","",IF(N(Sezoane!O6)=0,CEILING(IF(Platforme!$D$13=1,(((Sezoane!E6-Platforme!$B$8)*(1-(Platforme!$B$11+Platforme!$B$12-Platforme!$B$11*Platforme!$B$12))*1/(1+Platforme!$B$31))/(1-(Platforme!$D$11+Platforme!$D$12-Platforme!$D$11*Platforme!$D$12))+Platforme!$B$8)/(1-(Platforme!$D$14*Platforme!$D$15)),(((Sezoane!E6-Platforme!$B$8)*(1-(Platforme!$B$11+Platforme!$B$12-Platforme!$B$11*Platforme!$B$12))*1/(1+Platforme!$B$31))+Platforme!$B$8)/((1-(Platforme!$D$11+Platforme!$D$12-Platforme!$D$11*Platforme!$D$12))*(1-(Platforme!$D$14*Platforme!$D$15)))),Platforme!$D$16),MAX(CEILING(IF(Platforme!$D$13=1,(((Sezoane!E6-Platforme!$B$8)*(1-(Platforme!$B$11+Platforme!$B$12-Platforme!$B$11*Platforme!$B$12))*Platforme!$B$27*(1+Platforme!$B$31)/(1+Platforme!$B$31))/(1-(Platforme!$D$11+Platforme!$D$12-Platforme!$D$11*Platforme!$D$12))+Platforme!$B$8)/(1-(Platforme!$D$14*Platforme!$D$15)),(((Sezoane!E6-Platforme!$B$8)*(1-(Platforme!$B$11+Platforme!$B$12-Platforme!$B$11*Platforme!$B$12))*Platforme!$B$27*(1+Platforme!$B$31)/(1+Platforme!$B$31))+Platforme!$B$8)/((1-(Platforme!$D$11+Platforme!$D$12-Platforme!$D$11*Platforme!$D$12))*(1-(Platforme!$D$14*Platforme!$D$15)))),Platforme!$D$16),CEILING(CEILING(IF(Platforme!$D$13=1,(((Sezoane!E6-Platforme!$B$8)*(1-(Platforme!$B$11+Platforme!$B$12-Platforme!$B$11*Platforme!$B$12))*1/(1+Platforme!$B$31))/(1-(Platforme!$D$11+Platforme!$D$12-Platforme!$D$11*Platforme!$D$12))+Platforme!$B$8)/(1-(Platforme!$D$14*Platforme!$D$15)),(((Sezoane!E6-Platforme!$B$8)*(1-(Platforme!$B$11+Platforme!$B$12-Platforme!$B$11*Platforme!$B$12))*1/(1+Platforme!$B$31))+Platforme!$B$8)/((1-(Platforme!$D$11+Platforme!$D$12-Platforme!$D$11*Platforme!$D$12))*(1-(Platforme!$D$14*Platforme!$D$15)))),Platforme!$D$16)*(1-Platforme!$B$26)+Sezoane!O6*Platforme!$B$26,Platforme!$D$16)))) -> 920 | H5: =IF(Sezoane!$A$6="","",CEILING(IF(Platforme!$E$13=1,(((Sezoane!E6-Platforme!$B$8)*(1-(Platforme!$B$11+Platforme!$B$12-Platforme!$B$11*Platforme!$B$12))*1/(1+Platforme!$B$31))/(1-(Platforme!$E$11+Platforme!$E$12-Platforme!$E$11*Platforme!$E$12))+Platforme!$B$8)/(1-(Platforme!$E$14*Platforme!$E$15)),(((Sezoane!E6-Platforme!$B$8)*(1-(Platforme!$B$11+Platforme!$B$12-Platforme!$B$11*Platforme!$B$12))*1/(1+Platforme!$B$31))+Platforme!$B$8)/((1-(Platforme!$E$11+Platforme!$E$12-Platforme!$E$11*Platforme!$E$12))*(1-(Platforme!$E$14*Platforme!$E$15)))),Platforme!$E$16)) -> 980 | I5: =IF(Sezoane!$A$6="","",(Sezoane!E6-Platforme!$B$8)*(1-(Platforme!$B$11+Platforme!$B$12-Platforme!$B$11*Platforme!$B$12))) -> 852 | J5: =IF(Sezoane!$A$6="","",F5*(1-Platforme!$C$14)) -> 1017 | K5: =IF(Sezoane!$A$6="","",1-E5/MIN(J5,G5,H5)) -> 0.02173913 | L5: =IF(Sezoane!$A$6="","",IFERROR(INDEX('Date actuale'!$C$6:$C$40,MATCH(A5,'Date actuale'!$A$6:$A$40,0)),"")) -> 1130 | M5: =IF(Sezoane!$A$6="","",IFERROR(INDEX('Date actuale'!$D$6:$D$40,MATCH(A5,'Date actuale'!$A$6:$A$40,0)),"")) -> 920 | N5: =IF(Sezoane!$A$6="","",IFERROR(INDEX('Date actuale'!$E$6:$E$40,MATCH(A5,'Date actuale'!$A$6:$A$40,0)),"")) -> 980 | O5: =IF(Sezoane!$A$6="","",Sezoane!M6) -> Flexibil 14 zile | P5: =IF(OR(Sezoane!$A$6="",N(Sezoane!O6)=0),"",Sezoane!O6) -> 474 | Q5: =IF(Sezoane!$A$6="","",IF(Platforme!$D$13=1,(G5*(1-Platforme!$D$14)-Platforme!$B$8)*(1-(Platforme!$D$11+Platforme!$D$12-Platforme!$D$11*Platforme!$D$12)),G5*(1-Platforme!$D$14)*(1-(Platforme!$D$11+Platforme!$D$12-Platforme!$D$11*Platforme!$D$12))-Platforme!$B$8)) -> 729.4 | R5: =IF(Sezoane!$A$6="","",Q5/U5-1) -> -0.10109155 | S5: =IF(Sezoane!$A$6="","",G5*(1-Platforme!$B$28)) -> 782 | T5: =IF(Sezoane!$A$6="","",IF(Platforme!$D$13=1,(S5*(1-Platforme!$D$14)-Platforme!$B$8)*(1-(Platforme!$D$11+Platforme!$D$12-Platforme!$D$11*Platforme!$D$12)),S5*(1-Platforme!$D$14)*(1-(Platforme!$D$11+Platforme!$D$12-Platforme!$D$11*Platforme!$D$12))-Platforme!$B$8)) -> 612.79 | U5: =IF(Sezoane!$A$6="","",I5/(1+Platforme!$B$31)) -> 811.42857
A6: =IF(Sezoane!$A$7="","",Sezoane!A7) -> iarna-2026 | B6: =IF(Sezoane!$A$7="","",Sezoane!C7) -> 46357 | C6: =IF(Sezoane!$A$7="","",Sezoane!D7) -> 46376 | D6: =IF(Sezoane!$A$7="","",Sezoane!F7) -> 2 | E6: =IF(Sezoane!$A$7="","",Sezoane!E7) -> 1250 | F6: =IF(Sezoane!$A$7="","",CEILING(IF(Platforme!$C$13=1,(((Sezoane!E7-Platforme!$B$8)*(1-(Platforme!$B$11+Platforme!$B$12-Platforme!$B$11*Platforme!$B$12))*1/(1+Platforme!$B$31))/(1-(Platforme!$C$11+Platforme!$C$12-Platforme!$C$11*Platforme!$C$12))+Platforme!$B$8)/(1-(Platforme!$C$14*Platforme!$C$15)),(((Sezoane!E7-Platforme!$B$8)*(1-(Platforme!$B$11+Platforme!$B$12-Platforme!$B$11*Platforme!$B$12))*1/(1+Platforme!$B$31))+Platforme!$B$8)/((1-(Platforme!$C$11+Platforme!$C$12-Platforme!$C$11*Platforme!$C$12))*(1-(Platforme!$C$14*Platforme!$C$15)))),Platforme!$C$16)) -> 1580 | G6: =IF(Sezoane!$A$7="","",IF(N(Sezoane!O7)=0,CEILING(IF(Platforme!$D$13=1,(((Sezoane!E7-Platforme!$B$8)*(1-(Platforme!$B$11+Platforme!$B$12-Platforme!$B$11*Platforme!$B$12))*1/(1+Platforme!$B$31))/(1-(Platforme!$D$11+Platforme!$D$12-Platforme!$D$11*Platforme!$D$12))+Platforme!$B$8)/(1-(Platforme!$D$14*Platforme!$D$15)),(((Sezoane!E7-Platforme!$B$8)*(1-(Platforme!$B$11+Platforme!$B$12-Platforme!$B$11*Platforme!$B$12))*1/(1+Platforme!$B$31))+Platforme!$B$8)/((1-(Platforme!$D$11+Platforme!$D$12-Platforme!$D$11*Platforme!$D$12))*(1-(Platforme!$D$14*Platforme!$D$15)))),Platforme!$D$16),MAX(CEILING(IF(Platforme!$D$13=1,(((Sezoane!E7-Platforme!$B$8)*(1-(Platforme!$B$11+Platforme!$B$12-Platforme!$B$11*Platforme!$B$12))*Platforme!$B$27*(1+Platforme!$B$31)/(1+Platforme!$B$31))/(1-(Platforme!$D$11+Platforme!$D$12-Platforme!$D$11*Platforme!$D$12))+Platforme!$B$8)/(1-(Platforme!$D$14*Platforme!$D$15)),(((Sezoane!E7-Platforme!$B$8)*(1-(Platforme!$B$11+Platforme!$B$12-Platforme!$B$11*Platforme!$B$12))*Platforme!$B$27*(1+Platforme!$B$31)/(1+Platforme!$B$31))+Platforme!$B$8)/((1-(Platforme!$D$11+Platforme!$D$12-Platforme!$D$11*Platforme!$D$12))*(1-(Platforme!$D$14*Platforme!$D$15)))),Platforme!$D$16),CEILING(CEILING(IF(Platforme!$D$13=1,(((Sezoane!E7-Platforme!$B$8)*(1-(Platforme!$B$11+Platforme!$B$12-Platforme!$B$11*Platforme!$B$12))*1/(1+Platforme!$B$31))/(1-(Platforme!$D$11+Platforme!$D$12-Platforme!$D$11*Platforme!$D$12))+Platforme!$B$8)/(1-(Platforme!$D$14*Platforme!$D$15)),(((Sezoane!E7-Platforme!$B$8)*(1-(Platforme!$B$11+Platforme!$B$12-Platforme!$B$11*Platforme!$B$12))*1/(1+Platforme!$B$31))+Platforme!$B$8)/((1-(Platforme!$D$11+Platforme!$D$12-Platforme!$D$11*Platforme!$D$12))*(1-(Platforme!$D$14*Platforme!$D$15)))),Platforme!$D$16)*(1-Platforme!$B$26)+Sezoane!O7*Platforme!$B$26,Platforme!$D$16)))) -> 1420 | H6: =IF(Sezoane!$A$7="","",CEILING(IF(Platforme!$E$13=1,(((Sezoane!E7-Platforme!$B$8)*(1-(Platforme!$B$11+Platforme!$B$12-Platforme!$B$11*Platforme!$B$12))*1/(1+Platforme!$B$31))/(1-(Platforme!$E$11+Platforme!$E$12-Platforme!$E$11*Platforme!$E$12))+Platforme!$B$8)/(1-(Platforme!$E$14*Platforme!$E$15)),(((Sezoane!E7-Platforme!$B$8)*(1-(Platforme!$B$11+Platforme!$B$12-Platforme!$B$11*Platforme!$B$12))*1/(1+Platforme!$B$31))+Platforme!$B$8)/((1-(Platforme!$E$11+Platforme!$E$12-Platforme!$E$11*Platforme!$E$12))*(1-(Platforme!$E$14*Platforme!$E$15)))),Platforme!$E$16)) -> 1360 | I6: =IF(Sezoane!$A$7="","",(Sezoane!E7-Platforme!$B$8)*(1-(Platforme!$B$11+Platforme!$B$12-Platforme!$B$11*Platforme!$B$12))) -> 1202 | J6: =IF(Sezoane!$A$7="","",F6*(1-Platforme!$C$14)) -> 1422 | K6: =IF(Sezoane!$A$7="","",1-E6/MIN(J6,G6,H6)) -> 0.080882353 | L6: =IF(Sezoane!$A$7="","",IFERROR(INDEX('Date actuale'!$C$6:$C$40,MATCH(A6,'Date actuale'!$A$6:$A$40,0)),"")) -> 1580 | M6: =IF(Sezoane!$A$7="","",IFERROR(INDEX('Date actuale'!$D$6:$D$40,MATCH(A6,'Date actuale'!$A$6:$A$40,0)),"")) -> 1420 | N6: =IF(Sezoane!$A$7="","",IFERROR(INDEX('Date actuale'!$E$6:$E$40,MATCH(A6,'Date actuale'!$A$6:$A$40,0)),"")) -> 1360 | O6: =IF(Sezoane!$A$7="","",Sezoane!M7) -> Flexibil 14 zile | P6: =IF(OR(Sezoane!$A$7="",N(Sezoane!O7)=0),"",Sezoane!O7) | Q6: =IF(Sezoane!$A$7="","",IF(Platforme!$D$13=1,(G6*(1-Platforme!$D$14)-Platforme!$B$8)*(1-(Platforme!$D$11+Platforme!$D$12-Platforme!$D$11*Platforme!$D$12)),G6*(1-Platforme!$D$14)*(1-(Platforme!$D$11+Platforme!$D$12-Platforme!$D$11*Platforme!$D$12))-Platforme!$B$8)) -> 1151.9 | R6: =IF(Sezoane!$A$7="","",Q6/U6-1) -> 0.0062354409 | S6: =IF(Sezoane!$A$7="","",G6*(1-Platforme!$B$28)) -> 1207 | T6: =IF(Sezoane!$A$7="","",IF(Platforme!$D$13=1,(S6*(1-Platforme!$D$14)-Platforme!$B$8)*(1-(Platforme!$D$11+Platforme!$D$12-Platforme!$D$11*Platforme!$D$12)),S6*(1-Platforme!$D$14)*(1-(Platforme!$D$11+Platforme!$D$12-Platforme!$D$11*Platforme!$D$12))-Platforme!$B$8)) -> 971.915 | U6: =IF(Sezoane!$A$7="","",I6/(1+Platforme!$B$31)) -> 1144.7619
A7: =IF(Sezoane!$A$8="","",Sezoane!A8) -> Craciun-2026 | B7: =IF(Sezoane!$A$8="","",Sezoane!C8) -> 46377 | C7: =IF(Sezoane!$A$8="","",Sezoane!D8) -> 46383 | D7: =IF(Sezoane!$A$8="","",Sezoane!F8) -> 3 | E7: =IF(Sezoane!$A$8="","",Sezoane!E8) -> 1500 | F7: =IF(Sezoane!$A$8="","",CEILING(IF(Platforme!$C$13=1,(((Sezoane!E8-Platforme!$B$8)*(1-(Platforme!$B$11+Platforme!$B$12-Platforme!$B$11*Platforme!$B$12))*1/(1+Platforme!$B$31))/(1-(Platforme!$C$11+Platforme!$C$12-Platforme!$C$11*Platforme!$C$12))+Platforme!$B$8)/(1-(Platforme!$C$14*Platforme!$C$15)),(((Sezoane!E8-Platforme!$B$8)*(1-(Platforme!$B$11+Platforme!$B$12-Platforme!$B$11*Platforme!$B$12))*1/(1+Platforme!$B$31))+Platforme!$B$8)/((1-(Platforme!$C$11+Platforme!$C$12-Platforme!$C$11*Platforme!$C$12))*(1-(Platforme!$C$14*Platforme!$C$15)))),Platforme!$C$16)) -> 1890 | G7: =IF(Sezoane!$A$8="","",IF(N(Sezoane!O8)=0,CEILING(IF(Platforme!$D$13=1,(((Sezoane!E8-Platforme!$B$8)*(1-(Platforme!$B$11+Platforme!$B$12-Platforme!$B$11*Platforme!$B$12))*1/(1+Platforme!$B$31))/(1-(Platforme!$D$11+Platforme!$D$12-Platforme!$D$11*Platforme!$D$12))+Platforme!$B$8)/(1-(Platforme!$D$14*Platforme!$D$15)),(((Sezoane!E8-Platforme!$B$8)*(1-(Platforme!$B$11+Platforme!$B$12-Platforme!$B$11*Platforme!$B$12))*1/(1+Platforme!$B$31))+Platforme!$B$8)/((1-(Platforme!$D$11+Platforme!$D$12-Platforme!$D$11*Platforme!$D$12))*(1-(Platforme!$D$14*Platforme!$D$15)))),Platforme!$D$16),MAX(CEILING(IF(Platforme!$D$13=1,(((Sezoane!E8-Platforme!$B$8)*(1-(Platforme!$B$11+Platforme!$B$12-Platforme!$B$11*Platforme!$B$12))*Platforme!$B$27*(1+Platforme!$B$31)/(1+Platforme!$B$31))/(1-(Platforme!$D$11+Platforme!$D$12-Platforme!$D$11*Platforme!$D$12))+Platforme!$B$8)/(1-(Platforme!$D$14*Platforme!$D$15)),(((Sezoane!E8-Platforme!$B$8)*(1-(Platforme!$B$11+Platforme!$B$12-Platforme!$B$11*Platforme!$B$12))*Platforme!$B$27*(1+Platforme!$B$31)/(1+Platforme!$B$31))+Platforme!$B$8)/((1-(Platforme!$D$11+Platforme!$D$12-Platforme!$D$11*Platforme!$D$12))*(1-(Platforme!$D$14*Platforme!$D$15)))),Platforme!$D$16),CEILING(CEILING(IF(Platforme!$D$13=1,(((Sezoane!E8-Platforme!$B$8)*(1-(Platforme!$B$11+Platforme!$B$12-Platforme!$B$11*Platforme!$B$12))*1/(1+Platforme!$B$31))/(1-(Platforme!$D$11+Platforme!$D$12-Platforme!$D$11*Platforme!$D$12))+Platforme!$B$8)/(1-(Platforme!$D$14*Platforme!$D$15)),(((Sezoane!E8-Platforme!$B$8)*(1-(Platforme!$B$11+Platforme!$B$12-Platforme!$B$11*Platforme!$B$12))*1/(1+Platforme!$B$31))+Platforme!$B$8)/((1-(Platforme!$D$11+Platforme!$D$12-Platforme!$D$11*Platforme!$D$12))*(1-(Platforme!$D$14*Platforme!$D$15)))),Platforme!$D$16)*(1-Platforme!$B$26)+Sezoane!O8*Platforme!$B$26,Platforme!$D$16)))) -> 1700 | H7: =IF(Sezoane!$A$8="","",CEILING(IF(Platforme!$E$13=1,(((Sezoane!E8-Platforme!$B$8)*(1-(Platforme!$B$11+Platforme!$B$12-Platforme!$B$11*Platforme!$B$12))*1/(1+Platforme!$B$31))/(1-(Platforme!$E$11+Platforme!$E$12-Platforme!$E$11*Platforme!$E$12))+Platforme!$B$8)/(1-(Platforme!$E$14*Platforme!$E$15)),(((Sezoane!E8-Platforme!$B$8)*(1-(Platforme!$B$11+Platforme!$B$12-Platforme!$B$11*Platforme!$B$12))*1/(1+Platforme!$B$31))+Platforme!$B$8)/((1-(Platforme!$E$11+Platforme!$E$12-Platforme!$E$11*Platforme!$E$12))*(1-(Platforme!$E$14*Platforme!$E$15)))),Platforme!$E$16)) -> 1630 | I7: =IF(Sezoane!$A$8="","",(Sezoane!E8-Platforme!$B$8)*(1-(Platforme!$B$11+Platforme!$B$12-Platforme!$B$11*Platforme!$B$12))) -> 1452 | J7: =IF(Sezoane!$A$8="","",F7*(1-Platforme!$C$14)) -> 1701 | K7: =IF(Sezoane!$A$8="","",1-E7/MIN(J7,G7,H7)) -> 0.079754601 | L7: =IF(Sezoane!$A$8="","",IFERROR(INDEX('Date actuale'!$C$6:$C$40,MATCH(A7,'Date actuale'!$A$6:$A$40,0)),"")) -> 1500 | M7: =IF(Sezoane!$A$8="","",IFERROR(INDEX('Date actuale'!$D$6:$D$40,MATCH(A7,'Date actuale'!$A$6:$A$40,0)),"")) -> 1700 | N7: =IF(Sezoane!$A$8="","",IFERROR(INDEX('Date actuale'!$E$6:$E$40,MATCH(A7,'Date actuale'!$A$6:$A$40,0)),"")) -> 1700 | O7: =IF(Sezoane!$A$8="","",Sezoane!M8) -> Nerambursabil | P7: =IF(OR(Sezoane!$A$8="",N(Sezoane!O8)=0),"",Sezoane!O8) | Q7: =IF(Sezoane!$A$8="","",IF(Platforme!$D$13=1,(G7*(1-Platforme!$D$14)-Platforme!$B$8)*(1-(Platforme!$D$11+Platforme!$D$12-Platforme!$D$11*Platforme!$D$12)),G7*(1-Platforme!$D$14)*(1-(Platforme!$D$11+Platforme!$D$12-Platforme!$D$11*Platforme!$D$12))-Platforme!$B$8)) -> 1388.5 | R7: =IF(Sezoane!$A$8="","",Q7/U7-1) -> 0.0040805785 | S7: =IF(Sezoane!$A$8="","",G7*(1-Platforme!$B$28)) -> 1445 | T7: =IF(Sezoane!$A$8="","",IF(Platforme!$D$13=1,(S7*(1-Platforme!$D$14)-Platforme!$B$8)*(1-(Platforme!$D$11+Platforme!$D$12-Platforme!$D$11*Platforme!$D$12)),S7*(1-Platforme!$D$14)*(1-(Platforme!$D$11+Platforme!$D$12-Platforme!$D$11*Platforme!$D$12))-Platforme!$B$8)) -> 1173.025 | U7: =IF(Sezoane!$A$8="","",I7/(1+Platforme!$B$31)) -> 1382.8571
A8: =IF(Sezoane!$A$9="","",Sezoane!A9) -> Revelion-2026-2027 | B8: =IF(Sezoane!$A$9="","",Sezoane!C9) -> 46384 | C8: =IF(Sezoane!$A$9="","",Sezoane!D9) -> 46391 | D8: =IF(Sezoane!$A$9="","",Sezoane!F9) -> 4 | E8: =IF(Sezoane!$A$9="","",Sezoane!E9) -> 1800 | F8: =IF(Sezoane!$A$9="","",CEILING(IF(Platforme!$C$13=1,(((Sezoane!E9-Platforme!$B$8)*(1-(Platforme!$B$11+Platforme!$B$12-Platforme!$B$11*Platforme!$B$12))*1/(1+Platforme!$B$31))/(1-(Platforme!$C$11+Platforme!$C$12-Platforme!$C$11*Platforme!$C$12))+Platforme!$B$8)/(1-(Platforme!$C$14*Platforme!$C$15)),(((Sezoane!E9-Platforme!$B$8)*(1-(Platforme!$B$11+Platforme!$B$12-Platforme!$B$11*Platforme!$B$12))*1/(1+Platforme!$B$31))+Platforme!$B$8)/((1-(Platforme!$C$11+Platforme!$C$12-Platforme!$C$11*Platforme!$C$12))*(1-(Platforme!$C$14*Platforme!$C$15)))),Platforme!$C$16)) -> 2270 | G8: =IF(Sezoane!$A$9="","",IF(N(Sezoane!O9)=0,CEILING(IF(Platforme!$D$13=1,(((Sezoane!E9-Platforme!$B$8)*(1-(Platforme!$B$11+Platforme!$B$12-Platforme!$B$11*Platforme!$B$12))*1/(1+Platforme!$B$31))/(1-(Platforme!$D$11+Platforme!$D$12-Platforme!$D$11*Platforme!$D$12))+Platforme!$B$8)/(1-(Platforme!$D$14*Platforme!$D$15)),(((Sezoane!E9-Platforme!$B$8)*(1-(Platforme!$B$11+Platforme!$B$12-Platforme!$B$11*Platforme!$B$12))*1/(1+Platforme!$B$31))+Platforme!$B$8)/((1-(Platforme!$D$11+Platforme!$D$12-Platforme!$D$11*Platforme!$D$12))*(1-(Platforme!$D$14*Platforme!$D$15)))),Platforme!$D$16),MAX(CEILING(IF(Platforme!$D$13=1,(((Sezoane!E9-Platforme!$B$8)*(1-(Platforme!$B$11+Platforme!$B$12-Platforme!$B$11*Platforme!$B$12))*Platforme!$B$27*(1+Platforme!$B$31)/(1+Platforme!$B$31))/(1-(Platforme!$D$11+Platforme!$D$12-Platforme!$D$11*Platforme!$D$12))+Platforme!$B$8)/(1-(Platforme!$D$14*Platforme!$D$15)),(((Sezoane!E9-Platforme!$B$8)*(1-(Platforme!$B$11+Platforme!$B$12-Platforme!$B$11*Platforme!$B$12))*Platforme!$B$27*(1+Platforme!$B$31)/(1+Platforme!$B$31))+Platforme!$B$8)/((1-(Platforme!$D$11+Platforme!$D$12-Platforme!$D$11*Platforme!$D$12))*(1-(Platforme!$D$14*Platforme!$D$15)))),Platforme!$D$16),CEILING(CEILING(IF(Platforme!$D$13=1,(((Sezoane!E9-Platforme!$B$8)*(1-(Platforme!$B$11+Platforme!$B$12-Platforme!$B$11*Platforme!$B$12))*1/(1+Platforme!$B$31))/(1-(Platforme!$D$11+Platforme!$D$12-Platforme!$D$11*Platforme!$D$12))+Platforme!$B$8)/(1-(Platforme!$D$14*Platforme!$D$15)),(((Sezoane!E9-Platforme!$B$8)*(1-(Platforme!$B$11+Platforme!$B$12-Platforme!$B$11*Platforme!$B$12))*1/(1+Platforme!$B$31))+Platforme!$B$8)/((1-(Platforme!$D$11+Platforme!$D$12-Platforme!$D$11*Platforme!$D$12))*(1-(Platforme!$D$14*Platforme!$D$15)))),Platforme!$D$16)*(1-Platforme!$B$26)+Sezoane!O9*Platforme!$B$26,Platforme!$D$16)))) -> 2040 | H8: =IF(Sezoane!$A$9="","",CEILING(IF(Platforme!$E$13=1,(((Sezoane!E9-Platforme!$B$8)*(1-(Platforme!$B$11+Platforme!$B$12-Platforme!$B$11*Platforme!$B$12))*1/(1+Platforme!$B$31))/(1-(Platforme!$E$11+Platforme!$E$12-Platforme!$E$11*Platforme!$E$12))+Platforme!$B$8)/(1-(Platforme!$E$14*Platforme!$E$15)),(((Sezoane!E9-Platforme!$B$8)*(1-(Platforme!$B$11+Platforme!$B$12-Platforme!$B$11*Platforme!$B$12))*1/(1+Platforme!$B$31))+Platforme!$B$8)/((1-(Platforme!$E$11+Platforme!$E$12-Platforme!$E$11*Platforme!$E$12))*(1-(Platforme!$E$14*Platforme!$E$15)))),Platforme!$E$16)) -> 1960 | I8: =IF(Sezoane!$A$9="","",(Sezoane!E9-Platforme!$B$8)*(1-(Platforme!$B$11+Platforme!$B$12-Platforme!$B$11*Platforme!$B$12))) -> 1752 | J8: =IF(Sezoane!$A$9="","",F8*(1-Platforme!$C$14)) -> 2043 | K8: =IF(Sezoane!$A$9="","",1-E8/MIN(J8,G8,H8)) -> 0.081632653 | L8: =IF(Sezoane!$A$9="","",IFERROR(INDEX('Date actuale'!$C$6:$C$40,MATCH(A8,'Date actuale'!$A$6:$A$40,0)),"")) -> 1800 | M8: =IF(Sezoane!$A$9="","",IFERROR(INDEX('Date actuale'!$D$6:$D$40,MATCH(A8,'Date actuale'!$A$6:$A$40,0)),"")) -> 2000 | N8: =IF(Sezoane!$A$9="","",IFERROR(INDEX('Date actuale'!$E$6:$E$40,MATCH(A8,'Date actuale'!$A$6:$A$40,0)),"")) -> 2000 | O8: =IF(Sezoane!$A$9="","",Sezoane!M9) -> Nerambursabil | P8: =IF(OR(Sezoane!$A$9="",N(Sezoane!O9)=0),"",Sezoane!O9) | Q8: =IF(Sezoane!$A$9="","",IF(Platforme!$D$13=1,(G8*(1-Platforme!$D$14)-Platforme!$B$8)*(1-(Platforme!$D$11+Platforme!$D$12-Platforme!$D$11*Platforme!$D$12)),G8*(1-Platforme!$D$14)*(1-(Platforme!$D$11+Platforme!$D$12-Platforme!$D$11*Platforme!$D$12))-Platforme!$B$8)) -> 1675.8 | R8: =IF(Sezoane!$A$9="","",Q8/U8-1) -> 0.0043321918 | S8: =IF(Sezoane!$A$9="","",G8*(1-Platforme!$B$28)) -> 1734 | T8: =IF(Sezoane!$A$9="","",IF(Platforme!$D$13=1,(S8*(1-Platforme!$D$14)-Platforme!$B$8)*(1-(Platforme!$D$11+Platforme!$D$12-Platforme!$D$11*Platforme!$D$12)),S8*(1-Platforme!$D$14)*(1-(Platforme!$D$11+Platforme!$D$12-Platforme!$D$11*Platforme!$D$12))-Platforme!$B$8)) -> 1417.23 | U8: =IF(Sezoane!$A$9="","",I8/(1+Platforme!$B$31)) -> 1668.5714
A9: =IF(Sezoane!$A$10="","",Sezoane!A10) -> iarna-2027 | B9: =IF(Sezoane!$A$10="","",Sezoane!C10) -> 46392 | C9: =IF(Sezoane!$A$10="","",Sezoane!D10) -> 46432 | D9: =IF(Sezoane!$A$10="","",Sezoane!F10) -> 2 | E9: =IF(Sezoane!$A$10="","",Sezoane!E10) -> 1350 | F9: =IF(Sezoane!$A$10="","",CEILING(IF(Platforme!$C$13=1,(((Sezoane!E10-Platforme!$B$8)*(1-(Platforme!$B$11+Platforme!$B$12-Platforme!$B$11*Platforme!$B$12))*1/(1+Platforme!$B$31))/(1-(Platforme!$C$11+Platforme!$C$12-Platforme!$C$11*Platforme!$C$12))+Platforme!$B$8)/(1-(Platforme!$C$14*Platforme!$C$15)),(((Sezoane!E10-Platforme!$B$8)*(1-(Platforme!$B$11+Platforme!$B$12-Platforme!$B$11*Platforme!$B$12))*1/(1+Platforme!$B$31))+Platforme!$B$8)/((1-(Platforme!$C$11+Platforme!$C$12-Platforme!$C$11*Platforme!$C$12))*(1-(Platforme!$C$14*Platforme!$C$15)))),Platforme!$C$16)) -> 1700 | G9: =IF(Sezoane!$A$10="","",IF(N(Sezoane!O10)=0,CEILING(IF(Platforme!$D$13=1,(((Sezoane!E10-Platforme!$B$8)*(1-(Platforme!$B$11+Platforme!$B$12-Platforme!$B$11*Platforme!$B$12))*1/(1+Platforme!$B$31))/(1-(Platforme!$D$11+Platforme!$D$12-Platforme!$D$11*Platforme!$D$12))+Platforme!$B$8)/(1-(Platforme!$D$14*Platforme!$D$15)),(((Sezoane!E10-Platforme!$B$8)*(1-(Platforme!$B$11+Platforme!$B$12-Platforme!$B$11*Platforme!$B$12))*1/(1+Platforme!$B$31))+Platforme!$B$8)/((1-(Platforme!$D$11+Platforme!$D$12-Platforme!$D$11*Platforme!$D$12))*(1-(Platforme!$D$14*Platforme!$D$15)))),Platforme!$D$16),MAX(CEILING(IF(Platforme!$D$13=1,(((Sezoane!E10-Platforme!$B$8)*(1-(Platforme!$B$11+Platforme!$B$12-Platforme!$B$11*Platforme!$B$12))*Platforme!$B$27*(1+Platforme!$B$31)/(1+Platforme!$B$31))/(1-(Platforme!$D$11+Platforme!$D$12-Platforme!$D$11*Platforme!$D$12))+Platforme!$B$8)/(1-(Platforme!$D$14*Platforme!$D$15)),(((Sezoane!E10-Platforme!$B$8)*(1-(Platforme!$B$11+Platforme!$B$12-Platforme!$B$11*Platforme!$B$12))*Platforme!$B$27*(1+Platforme!$B$31)/(1+Platforme!$B$31))+Platforme!$B$8)/((1-(Platforme!$D$11+Platforme!$D$12-Platforme!$D$11*Platforme!$D$12))*(1-(Platforme!$D$14*Platforme!$D$15)))),Platforme!$D$16),CEILING(CEILING(IF(Platforme!$D$13=1,(((Sezoane!E10-Platforme!$B$8)*(1-(Platforme!$B$11+Platforme!$B$12-Platforme!$B$11*Platforme!$B$12))*1/(1+Platforme!$B$31))/(1-(Platforme!$D$11+Platforme!$D$12-Platforme!$D$11*Platforme!$D$12))+Platforme!$B$8)/(1-(Platforme!$D$14*Platforme!$D$15)),(((Sezoane!E10-Platforme!$B$8)*(1-(Platforme!$B$11+Platforme!$B$12-Platforme!$B$11*Platforme!$B$12))*1/(1+Platforme!$B$31))+Platforme!$B$8)/((1-(Platforme!$D$11+Platforme!$D$12-Platforme!$D$11*Platforme!$D$12))*(1-(Platforme!$D$14*Platforme!$D$15)))),Platforme!$D$16)*(1-Platforme!$B$26)+Sezoane!O10*Platforme!$B$26,Platforme!$D$16)))) -> 1530 | H9: =IF(Sezoane!$A$10="","",CEILING(IF(Platforme!$E$13=1,(((Sezoane!E10-Platforme!$B$8)*(1-(Platforme!$B$11+Platforme!$B$12-Platforme!$B$11*Platforme!$B$12))*1/(1+Platforme!$B$31))/(1-(Platforme!$E$11+Platforme!$E$12-Platforme!$E$11*Platforme!$E$12))+Platforme!$B$8)/(1-(Platforme!$E$14*Platforme!$E$15)),(((Sezoane!E10-Platforme!$B$8)*(1-(Platforme!$B$11+Platforme!$B$12-Platforme!$B$11*Platforme!$B$12))*1/(1+Platforme!$B$31))+Platforme!$B$8)/((1-(Platforme!$E$11+Platforme!$E$12-Platforme!$E$11*Platforme!$E$12))*(1-(Platforme!$E$14*Platforme!$E$15)))),Platforme!$E$16)) -> 1470 | I9: =IF(Sezoane!$A$10="","",(Sezoane!E10-Platforme!$B$8)*(1-(Platforme!$B$11+Platforme!$B$12-Platforme!$B$11*Platforme!$B$12))) -> 1302 | J9: =IF(Sezoane!$A$10="","",F9*(1-Platforme!$C$14)) -> 1530 | K9: =IF(Sezoane!$A$10="","",1-E9/MIN(J9,G9,H9)) -> 0.081632653 | L9: =IF(Sezoane!$A$10="","",IFERROR(INDEX('Date actuale'!$C$6:$C$40,MATCH(A9,'Date actuale'!$A$6:$A$40,0)),"")) -> 1350 | M9: =IF(Sezoane!$A$10="","",IFERROR(INDEX('Date actuale'!$D$6:$D$40,MATCH(A9,'Date actuale'!$A$6:$A$40,0)),"")) -> 1450 | N9: =IF(Sezoane!$A$10="","",IFERROR(INDEX('Date actuale'!$E$6:$E$40,MATCH(A9,'Date actuale'!$A$6:$A$40,0)),"")) -> 1450 | O9: =IF(Sezoane!$A$10="","",Sezoane!M10) -> Flexibil 14 zile | P9: =IF(OR(Sezoane!$A$10="",N(Sezoane!O10)=0),"",Sezoane!O10) | Q9: =IF(Sezoane!$A$10="","",IF(Platforme!$D$13=1,(G9*(1-Platforme!$D$14)-Platforme!$B$8)*(1-(Platforme!$D$11+Platforme!$D$12-Platforme!$D$11*Platforme!$D$12)),G9*(1-Platforme!$D$14)*(1-(Platforme!$D$11+Platforme!$D$12-Platforme!$D$11*Platforme!$D$12))-Platforme!$B$8)) -> 1244.85 | R9: =IF(Sezoane!$A$10="","",Q9/U9-1) -> 0.0039112903 | S9: =IF(Sezoane!$A$10="","",G9*(1-Platforme!$B$28)) -> 1300.5 | T9: =IF(Sezoane!$A$10="","",IF(Platforme!$D$13=1,(S9*(1-Platforme!$D$14)-Platforme!$B$8)*(1-(Platforme!$D$11+Platforme!$D$12-Platforme!$D$11*Platforme!$D$12)),S9*(1-Platforme!$D$14)*(1-(Platforme!$D$11+Platforme!$D$12-Platforme!$D$11*Platforme!$D$12))-Platforme!$B$8)) -> 1050.9225 | U9: =IF(Sezoane!$A$10="","",I9/(1+Platforme!$B$31)) -> 1240
A10: =IF(Sezoane!$A$11="","",Sezoane!A11) -> Vacanta-schi-2027 | B10: =IF(Sezoane!$A$11="","",Sezoane!C11) -> 46433 | C10: =IF(Sezoane!$A$11="","",Sezoane!D11) -> 46453 | D10: =IF(Sezoane!$A$11="","",Sezoane!F11) -> 2 | E10: =IF(Sezoane!$A$11="","",Sezoane!E11) -> 1450 | F10: =IF(Sezoane!$A$11="","",CEILING(IF(Platforme!$C$13=1,(((Sezoane!E11-Platforme!$B$8)*(1-(Platforme!$B$11+Platforme!$B$12-Platforme!$B$11*Platforme!$B$12))*1/(1+Platforme!$B$31))/(1-(Platforme!$C$11+Platforme!$C$12-Platforme!$C$11*Platforme!$C$12))+Platforme!$B$8)/(1-(Platforme!$C$14*Platforme!$C$15)),(((Sezoane!E11-Platforme!$B$8)*(1-(Platforme!$B$11+Platforme!$B$12-Platforme!$B$11*Platforme!$B$12))*1/(1+Platforme!$B$31))+Platforme!$B$8)/((1-(Platforme!$C$11+Platforme!$C$12-Platforme!$C$11*Platforme!$C$12))*(1-(Platforme!$C$14*Platforme!$C$15)))),Platforme!$C$16)) -> 1830 | G10: =IF(Sezoane!$A$11="","",IF(N(Sezoane!O11)=0,CEILING(IF(Platforme!$D$13=1,(((Sezoane!E11-Platforme!$B$8)*(1-(Platforme!$B$11+Platforme!$B$12-Platforme!$B$11*Platforme!$B$12))*1/(1+Platforme!$B$31))/(1-(Platforme!$D$11+Platforme!$D$12-Platforme!$D$11*Platforme!$D$12))+Platforme!$B$8)/(1-(Platforme!$D$14*Platforme!$D$15)),(((Sezoane!E11-Platforme!$B$8)*(1-(Platforme!$B$11+Platforme!$B$12-Platforme!$B$11*Platforme!$B$12))*1/(1+Platforme!$B$31))+Platforme!$B$8)/((1-(Platforme!$D$11+Platforme!$D$12-Platforme!$D$11*Platforme!$D$12))*(1-(Platforme!$D$14*Platforme!$D$15)))),Platforme!$D$16),MAX(CEILING(IF(Platforme!$D$13=1,(((Sezoane!E11-Platforme!$B$8)*(1-(Platforme!$B$11+Platforme!$B$12-Platforme!$B$11*Platforme!$B$12))*Platforme!$B$27*(1+Platforme!$B$31)/(1+Platforme!$B$31))/(1-(Platforme!$D$11+Platforme!$D$12-Platforme!$D$11*Platforme!$D$12))+Platforme!$B$8)/(1-(Platforme!$D$14*Platforme!$D$15)),(((Sezoane!E11-Platforme!$B$8)*(1-(Platforme!$B$11+Platforme!$B$12-Platforme!$B$11*Platforme!$B$12))*Platforme!$B$27*(1+Platforme!$B$31)/(1+Platforme!$B$31))+Platforme!$B$8)/((1-(Platforme!$D$11+Platforme!$D$12-Platforme!$D$11*Platforme!$D$12))*(1-(Platforme!$D$14*Platforme!$D$15)))),Platforme!$D$16),CEILING(CEILING(IF(Platforme!$D$13=1,(((Sezoane!E11-Platforme!$B$8)*(1-(Platforme!$B$11+Platforme!$B$12-Platforme!$B$11*Platforme!$B$12))*1/(1+Platforme!$B$31))/(1-(Platforme!$D$11+Platforme!$D$12-Platforme!$D$11*Platforme!$D$12))+Platforme!$B$8)/(1-(Platforme!$D$14*Platforme!$D$15)),(((Sezoane!E11-Platforme!$B$8)*(1-(Platforme!$B$11+Platforme!$B$12-Platforme!$B$11*Platforme!$B$12))*1/(1+Platforme!$B$31))+Platforme!$B$8)/((1-(Platforme!$D$11+Platforme!$D$12-Platforme!$D$11*Platforme!$D$12))*(1-(Platforme!$D$14*Platforme!$D$15)))),Platforme!$D$16)*(1-Platforme!$B$26)+Sezoane!O11*Platforme!$B$26,Platforme!$D$16)))) -> 1640 | H10: =IF(Sezoane!$A$11="","",CEILING(IF(Platforme!$E$13=1,(((Sezoane!E11-Platforme!$B$8)*(1-(Platforme!$B$11+Platforme!$B$12-Platforme!$B$11*Platforme!$B$12))*1/(1+Platforme!$B$31))/(1-(Platforme!$E$11+Platforme!$E$12-Platforme!$E$11*Platforme!$E$12))+Platforme!$B$8)/(1-(Platforme!$E$14*Platforme!$E$15)),(((Sezoane!E11-Platforme!$B$8)*(1-(Platforme!$B$11+Platforme!$B$12-Platforme!$B$11*Platforme!$B$12))*1/(1+Platforme!$B$31))+Platforme!$B$8)/((1-(Platforme!$E$11+Platforme!$E$12-Platforme!$E$11*Platforme!$E$12))*(1-(Platforme!$E$14*Platforme!$E$15)))),Platforme!$E$16)) -> 1580 | I10: =IF(Sezoane!$A$11="","",(Sezoane!E11-Platforme!$B$8)*(1-(Platforme!$B$11+Platforme!$B$12-Platforme!$B$11*Platforme!$B$12))) -> 1402 | J10: =IF(Sezoane!$A$11="","",F10*(1-Platforme!$C$14)) -> 1647 | K10: =IF(Sezoane!$A$11="","",1-E10/MIN(J10,G10,H10)) -> 0.082278481 | L10: =IF(Sezoane!$A$11="","",IFERROR(INDEX('Date actuale'!$C$6:$C$40,MATCH(A10,'Date actuale'!$A$6:$A$40,0)),"")) -> 1450 | M10: =IF(Sezoane!$A$11="","",IFERROR(INDEX('Date actuale'!$D$6:$D$40,MATCH(A10,'Date actuale'!$A$6:$A$40,0)),"")) -> 1500 | N10: =IF(Sezoane!$A$11="","",IFERROR(INDEX('Date actuale'!$E$6:$E$40,MATCH(A10,'Date actuale'!$A$6:$A$40,0)),"")) -> 1500 | O10: =IF(Sezoane!$A$11="","",Sezoane!M11) -> Flexibil 14 zile | P10: =IF(OR(Sezoane!$A$11="",N(Sezoane!O11)=0),"",Sezoane!O11) | Q10: =IF(Sezoane!$A$11="","",IF(Platforme!$D$13=1,(G10*(1-Platforme!$D$14)-Platforme!$B$8)*(1-(Platforme!$D$11+Platforme!$D$12-Platforme!$D$11*Platforme!$D$12)),G10*(1-Platforme!$D$14)*(1-(Platforme!$D$11+Platforme!$D$12-Platforme!$D$11*Platforme!$D$12))-Platforme!$B$8)) -> 1337.8 | R10: =IF(Sezoane!$A$11="","",Q10/U10-1) -> 0.0019186876 | S10: =IF(Sezoane!$A$11="","",G10*(1-Platforme!$B$28)) -> 1394 | T10: =IF(Sezoane!$A$11="","",IF(Platforme!$D$13=1,(S10*(1-Platforme!$D$14)-Platforme!$B$8)*(1-(Platforme!$D$11+Platforme!$D$12-Platforme!$D$11*Platforme!$D$12)),S10*(1-Platforme!$D$14)*(1-(Platforme!$D$11+Platforme!$D$12-Platforme!$D$11*Platforme!$D$12))-Platforme!$B$8)) -> 1129.93 | U10: =IF(Sezoane!$A$11="","",I10/(1+Platforme!$B$31)) -> 1335.2381
A11: =IF(Sezoane!$A$12="","",Sezoane!A12) | B11: =IF(Sezoane!$A$12="","",Sezoane!C12) | C11: =IF(Sezoane!$A$12="","",Sezoane!D12) | D11: =IF(Sezoane!$A$12="","",Sezoane!F12) | E11: =IF(Sezoane!$A$12="","",Sezoane!E12) | F11: =IF(Sezoane!$A$12="","",CEILING(IF(Platforme!$C$13=1,(((Sezoane!E12-Platforme!$B$8)*(1-(Platforme!$B$11+Platforme!$B$12-Platforme!$B$11*Platforme!$B$12))*1/(1+Platforme!$B$31))/(1-(Platforme!$C$11+Platforme!$C$12-Platforme!$C$11*Platforme!$C$12))+Platforme!$B$8)/(1-(Platforme!$C$14*Platforme!$C$15)),(((Sezoane!E12-Platforme!$B$8)*(1-(Platforme!$B$11+Platforme!$B$12-Platforme!$B$11*Platforme!$B$12))*1/(1+Platforme!$B$31))+Platforme!$B$8)/((1-(Platforme!$C$11+Platforme!$C$12-Platforme!$C$11*Platforme!$C$12))*(1-(Platforme!$C$14*Platforme!$C$15)))),Platforme!$C$16)) | G11: =IF(Sezoane!$A$12="","",IF(N(Sezoane!O12)=0,CEILING(IF(Platforme!$D$13=1,(((Sezoane!E12-Platforme!$B$8)*(1-(Platforme!$B$11+Platforme!$B$12-Platforme!$B$11*Platforme!$B$12))*1/(1+Platforme!$B$31))/(1-(Platforme!$D$11+Platforme!$D$12-Platforme!$D$11*Platforme!$D$12))+Platforme!$B$8)/(1-(Platforme!$D$14*Platforme!$D$15)),(((Sezoane!E12-Platforme!$B$8)*(1-(Platforme!$B$11+Platforme!$B$12-Platforme!$B$11*Platforme!$B$12))*1/(1+Platforme!$B$31))+Platforme!$B$8)/((1-(Platforme!$D$11+Platforme!$D$12-Platforme!$D$11*Platforme!$D$12))*(1-(Platforme!$D$14*Platforme!$D$15)))),Platforme!$D$16),MAX(CEILING(IF(Platforme!$D$13=1,(((Sezoane!E12-Platforme!$B$8)*(1-(Platforme!$B$11+Platforme!$B$12-Platforme!$B$11*Platforme!$B$12))*Platforme!$B$27*(1+Platforme!$B$31)/(1+Platforme!$B$31))/(1-(Platforme!$D$11+Platforme!$D$12-Platforme!$D$11*Platforme!$D$12))+Platforme!$B$8)/(1-(Platforme!$D$14*Platforme!$D$15)),(((Sezoane!E12-Platforme!$B$8)*(1-(Platforme!$B$11+Platforme!$B$12-Platforme!$B$11*Platforme!$B$12))*Platforme!$B$27*(1+Platforme!$B$31)/(1+Platforme!$B$31))+Platforme!$B$8)/((1-(Platforme!$D$11+Platforme!$D$12-Platforme!$D$11*Platforme!$D$12))*(1-(Platforme!$D$14*Platforme!$D$15)))),Platforme!$D$16),CEILING(CEILING(IF(Platforme!$D$13=1,(((Sezoane!E12-Platforme!$B$8)*(1-(Platforme!$B$11+Platforme!$B$12-Platforme!$B$11*Platforme!$B$12))*1/(1+Platforme!$B$31))/(1-(Platforme!$D$11+Platforme!$D$12-Platforme!$D$11*Platforme!$D$12))+Platforme!$B$8)/(1-(Platforme!$D$14*Platforme!$D$15)),(((Sezoane!E12-Platforme!$B$8)*(1-(Platforme!$B$11+Platforme!$B$12-Platforme!$B$11*Platforme!$B$12))*1/(1+Platforme!$B$31))+Platforme!$B$8)/((1-(Platforme!$D$11+Platforme!$D$12-Platforme!$D$11*Platforme!$D$12))*(1-(Platforme!$D$14*Platforme!$D$15)))),Platforme!$D$16)*(1-Platforme!$B$26)+Sezoane!O12*Platforme!$B$26,Platforme!$D$16)))) | H11: =IF(Sezoane!$A$12="","",CEILING(IF(Platforme!$E$13=1,(((Sezoane!E12-Platforme!$B$8)*(1-(Platforme!$B$11+Platforme!$B$12-Platforme!$B$11*Platforme!$B$12))*1/(1+Platforme!$B$31))/(1-(Platforme!$E$11+Platforme!$E$12-Platforme!$E$11*Platforme!$E$12))+Platforme!$B$8)/(1-(Platforme!$E$14*Platforme!$E$15)),(((Sezoane!E12-Platforme!$B$8)*(1-(Platforme!$B$11+Platforme!$B$12-Platforme!$B$11*Platforme!$B$12))*1/(1+Platforme!$B$31))+Platforme!$B$8)/((1-(Platforme!$E$11+Platforme!$E$12-Platforme!$E$11*Platforme!$E$12))*(1-(Platforme!$E$14*Platforme!$E$15)))),Platforme!$E$16)) | I11: =IF(Sezoane!$A$12="","",(Sezoane!E12-Platforme!$B$8)*(1-(Platforme!$B$11+Platforme!$B$12-Platforme!$B$11*Platforme!$B$12))) | J11: =IF(Sezoane!$A$12="","",F11*(1-Platforme!$C$14)) | K11: =IF(Sezoane!$A$12="","",1-E11/MIN(J11,G11,H11)) | L11: =IF(Sezoane!$A$12="","",IFERROR(INDEX('Date actuale'!$C$6:$C$40,MATCH(A11,'Date actuale'!$A$6:$A$40,0)),"")) | M11: =IF(Sezoane!$A$12="","",IFERROR(INDEX('Date actuale'!$D$6:$D$40,MATCH(A11,'Date actuale'!$A$6:$A$40,0)),"")) | N11: =IF(Sezoane!$A$12="","",IFERROR(INDEX('Date actuale'!$E$6:$E$40,MATCH(A11,'Date actuale'!$A$6:$A$40,0)),"")) | O11: =IF(Sezoane!$A$12="","",Sezoane!M12) | P11: =IF(OR(Sezoane!$A$12="",N(Sezoane!O12)=0),"",Sezoane!O12) | Q11: =IF(Sezoane!$A$12="","",IF(Platforme!$D$13=1,(G11*(1-Platforme!$D$14)-Platforme!$B$8)*(1-(Platforme!$D$11+Platforme!$D$12-Platforme!$D$11*Platforme!$D$12)),G11*(1-Platforme!$D$14)*(1-(Platforme!$D$11+Platforme!$D$12-Platforme!$D$11*Platforme!$D$12))-Platforme!$B$8)) | R11: =IF(Sezoane!$A$12="","",Q11/U11-1) | S11: =IF(Sezoane!$A$12="","",G11*(1-Platforme!$B$28)) | T11: =IF(Sezoane!$A$12="","",IF(Platforme!$D$13=1,(S11*(1-Platforme!$D$14)-Platforme!$B$8)*(1-(Platforme!$D$11+Platforme!$D$12-Platforme!$D$11*Platforme!$D$12)),S11*(1-Platforme!$D$14)*(1-(Platforme!$D$11+Platforme!$D$12-Platforme!$D$11*Platforme!$D$12))-Platforme!$B$8)) | U11: =IF(Sezoane!$A$12="","",I11/(1+Platforme!$B$31))
A12: =IF(Sezoane!$A$13="","",Sezoane!A13) | B12: =IF(Sezoane!$A$13="","",Sezoane!C13) | C12: =IF(Sezoane!$A$13="","",Sezoane!D13) | D12: =IF(Sezoane!$A$13="","",Sezoane!F13) | E12: =IF(Sezoane!$A$13="","",Sezoane!E13) | F12: =IF(Sezoane!$A$13="","",CEILING(IF(Platforme!$C$13=1,(((Sezoane!E13-Platforme!$B$8)*(1-(Platforme!$B$11+Platforme!$B$12-Platforme!$B$11*Platforme!$B$12))*1/(1+Platforme!$B$31))/(1-(Platforme!$C$11+Platforme!$C$12-Platforme!$C$11*Platforme!$C$12))+Platforme!$B$8)/(1-(Platforme!$C$14*Platforme!$C$15)),(((Sezoane!E13-Platforme!$B$8)*(1-(Platforme!$B$11+Platforme!$B$12-Platforme!$B$11*Platforme!$B$12))*1/(1+Platforme!$B$31))+Platforme!$B$8)/((1-(Platforme!$C$11+Platforme!$C$12-Platforme!$C$11*Platforme!$C$12))*(1-(Platforme!$C$14*Platforme!$C$15)))),Platforme!$C$16)) | G12: =IF(Sezoane!$A$13="","",IF(N(Sezoane!O13)=0,CEILING(IF(Platforme!$D$13=1,(((Sezoane!E13-Platforme!$B$8)*(1-(Platforme!$B$11+Platforme!$B$12-Platforme!$B$11*Platforme!$B$12))*1/(1+Platforme!$B$31))/(1-(Platforme!$D$11+Platforme!$D$12-Platforme!$D$11*Platforme!$D$12))+Platforme!$B$8)/(1-(Platforme!$D$14*Platforme!$D$15)),(((Sezoane!E13-Platforme!$B$8)*(1-(Platforme!$B$11+Platforme!$B$12-Platforme!$B$11*Platforme!$B$12))*1/(1+Platforme!$B$31))+Platforme!$B$8)/((1-(Platforme!$D$11+Platforme!$D$12-Platforme!$D$11*Platforme!$D$12))*(1-(Platforme!$D$14*Platforme!$D$15)))),Platforme!$D$16),MAX(CEILING(IF(Platforme!$D$13=1,(((Sezoane!E13-Platforme!$B$8)*(1-(Platforme!$B$11+Platforme!$B$12-Platforme!$B$11*Platforme!$B$12))*Platforme!$B$27*(1+Platforme!$B$31)/(1+Platforme!$B$31))/(1-(Platforme!$D$11+Platforme!$D$12-Platforme!$D$11*Platforme!$D$12))+Platforme!$B$8)/(1-(Platforme!$D$14*Platforme!$D$15)),(((Sezoane!E13-Platforme!$B$8)*(1-(Platforme!$B$11+Platforme!$B$12-Platforme!$B$11*Platforme!$B$12))*Platforme!$B$27*(1+Platforme!$B$31)/(1+Platforme!$B$31))+Platforme!$B$8)/((1-(Platforme!$D$11+Platforme!$D$12-Platforme!$D$11*Platforme!$D$12))*(1-(Platforme!$D$14*Platforme!$D$15)))),Platforme!$D$16),CEILING(CEILING(IF(Platforme!$D$13=1,(((Sezoane!E13-Platforme!$B$8)*(1-(Platforme!$B$11+Platforme!$B$12-Platforme!$B$11*Platforme!$B$12))*1/(1+Platforme!$B$31))/(1-(Platforme!$D$11+Platforme!$D$12-Platforme!$D$11*Platforme!$D$12))+Platforme!$B$8)/(1-(Platforme!$D$14*Platforme!$D$15)),(((Sezoane!E13-Platforme!$B$8)*(1-(Platforme!$B$11+Platforme!$B$12-Platforme!$B$11*Platforme!$B$12))*1/(1+Platforme!$B$31))+Platforme!$B$8)/((1-(Platforme!$D$11+Platforme!$D$12-Platforme!$D$11*Platforme!$D$12))*(1-(Platforme!$D$14*Platforme!$D$15)))),Platforme!$D$16)*(1-Platforme!$B$26)+Sezoane!O13*Platforme!$B$26,Platforme!$D$16)))) | H12: =IF(Sezoane!$A$13="","",CEILING(IF(Platforme!$E$13=1,(((Sezoane!E13-Platforme!$B$8)*(1-(Platforme!$B$11+Platforme!$B$12-Platforme!$B$11*Platforme!$B$12))*1/(1+Platforme!$B$31))/(1-(Platforme!$E$11+Platforme!$E$12-Platforme!$E$11*Platforme!$E$12))+Platforme!$B$8)/(1-(Platforme!$E$14*Platforme!$E$15)),(((Sezoane!E13-Platforme!$B$8)*(1-(Platforme!$B$11+Platforme!$B$12-Platforme!$B$11*Platforme!$B$12))*1/(1+Platforme!$B$31))+Platforme!$B$8)/((1-(Platforme!$E$11+Platforme!$E$12-Platforme!$E$11*Platforme!$E$12))*(1-(Platforme!$E$14*Platforme!$E$15)))),Platforme!$E$16)) | I12: =IF(Sezoane!$A$13="","",(Sezoane!E13-Platforme!$B$8)*(1-(Platforme!$B$11+Platforme!$B$12-Platforme!$B$11*Platforme!$B$12))) | J12: =IF(Sezoane!$A$13="","",F12*(1-Platforme!$C$14)) | K12: =IF(Sezoane!$A$13="","",1-E12/MIN(J12,G12,H12)) | L12: =IF(Sezoane!$A$13="","",IFERROR(INDEX('Date actuale'!$C$6:$C$40,MATCH(A12,'Date actuale'!$A$6:$A$40,0)),"")) | M12: =IF(Sezoane!$A$13="","",IFERROR(INDEX('Date actuale'!$D$6:$D$40,MATCH(A12,'Date actuale'!$A$6:$A$40,0)),"")) | N12: =IF(Sezoane!$A$13="","",IFERROR(INDEX('Date actuale'!$E$6:$E$40,MATCH(A12,'Date actuale'!$A$6:$A$40,0)),"")) | O12: =IF(Sezoane!$A$13="","",Sezoane!M13) | P12: =IF(OR(Sezoane!$A$13="",N(Sezoane!O13)=0),"",Sezoane!O13) | Q12: =IF(Sezoane!$A$13="","",IF(Platforme!$D$13=1,(G12*(1-Platforme!$D$14)-Platforme!$B$8)*(1-(Platforme!$D$11+Platforme!$D$12-Platforme!$D$11*Platforme!$D$12)),G12*(1-Platforme!$D$14)*(1-(Platforme!$D$11+Platforme!$D$12-Platforme!$D$11*Platforme!$D$12))-Platforme!$B$8)) | R12: =IF(Sezoane!$A$13="","",Q12/U12-1) | S12: =IF(Sezoane!$A$13="","",G12*(1-Platforme!$B$28)) | T12: =IF(Sezoane!$A$13="","",IF(Platforme!$D$13=1,(S12*(1-Platforme!$D$14)-Platforme!$B$8)*(1-(Platforme!$D$11+Platforme!$D$12-Platforme!$D$11*Platforme!$D$12)),S12*(1-Platforme!$D$14)*(1-(Platforme!$D$11+Platforme!$D$12-Platforme!$D$11*Platforme!$D$12))-Platforme!$B$8)) | U12: =IF(Sezoane!$A$13="","",I12/(1+Platforme!$B$31))
A13: =IF(Sezoane!$A$14="","",Sezoane!A14) | B13: =IF(Sezoane!$A$14="","",Sezoane!C14) | C13: =IF(Sezoane!$A$14="","",Sezoane!D14) | D13: =IF(Sezoane!$A$14="","",Sezoane!F14) | E13: =IF(Sezoane!$A$14="","",Sezoane!E14) | F13: =IF(Sezoane!$A$14="","",CEILING(IF(Platforme!$C$13=1,(((Sezoane!E14-Platforme!$B$8)*(1-(Platforme!$B$11+Platforme!$B$12-Platforme!$B$11*Platforme!$B$12))*1/(1+Platforme!$B$31))/(1-(Platforme!$C$11+Platforme!$C$12-Platforme!$C$11*Platforme!$C$12))+Platforme!$B$8)/(1-(Platforme!$C$14*Platforme!$C$15)),(((Sezoane!E14-Platforme!$B$8)*(1-(Platforme!$B$11+Platforme!$B$12-Platforme!$B$11*Platforme!$B$12))*1/(1+Platforme!$B$31))+Platforme!$B$8)/((1-(Platforme!$C$11+Platforme!$C$12-Platforme!$C$11*Platforme!$C$12))*(1-(Platforme!$C$14*Platforme!$C$15)))),Platforme!$C$16)) | G13: =IF(Sezoane!$A$14="","",IF(N(Sezoane!O14)=0,CEILING(IF(Platforme!$D$13=1,(((Sezoane!E14-Platforme!$B$8)*(1-(Platforme!$B$11+Platforme!$B$12-Platforme!$B$11*Platforme!$B$12))*1/(1+Platforme!$B$31))/(1-(Platforme!$D$11+Platforme!$D$12-Platforme!$D$11*Platforme!$D$12))+Platforme!$B$8)/(1-(Platforme!$D$14*Platforme!$D$15)),(((Sezoane!E14-Platforme!$B$8)*(1-(Platforme!$B$11+Platforme!$B$12-Platforme!$B$11*Platforme!$B$12))*1/(1+Platforme!$B$31))+Platforme!$B$8)/((1-(Platforme!$D$11+Platforme!$D$12-Platforme!$D$11*Platforme!$D$12))*(1-(Platforme!$D$14*Platforme!$D$15)))),Platforme!$D$16),MAX(CEILING(IF(Platforme!$D$13=1,(((Sezoane!E14-Platforme!$B$8)*(1-(Platforme!$B$11+Platforme!$B$12-Platforme!$B$11*Platforme!$B$12))*Platforme!$B$27*(1+Platforme!$B$31)/(1+Platforme!$B$31))/(1-(Platforme!$D$11+Platforme!$D$12-Platforme!$D$11*Platforme!$D$12))+Platforme!$B$8)/(1-(Platforme!$D$14*Platforme!$D$15)),(((Sezoane!E14-Platforme!$B$8)*(1-(Platforme!$B$11+Platforme!$B$12-Platforme!$B$11*Platforme!$B$12))*Platforme!$B$27*(1+Platforme!$B$31)/(1+Platforme!$B$31))+Platforme!$B$8)/((1-(Platforme!$D$11+Platforme!$D$12-Platforme!$D$11*Platforme!$D$12))*(1-(Platforme!$D$14*Platforme!$D$15)))),Platforme!$D$16),CEILING(CEILING(IF(Platforme!$D$13=1,(((Sezoane!E14-Platforme!$B$8)*(1-(Platforme!$B$11+Platforme!$B$12-Platforme!$B$11*Platforme!$B$12))*1/(1+Platforme!$B$31))/(1-(Platforme!$D$11+Platforme!$D$12-Platforme!$D$11*Platforme!$D$12))+Platforme!$B$8)/(1-(Platforme!$D$14*Platforme!$D$15)),(((Sezoane!E14-Platforme!$B$8)*(1-(Platforme!$B$11+Platforme!$B$12-Platforme!$B$11*Platforme!$B$12))*1/(1+Platforme!$B$31))+Platforme!$B$8)/((1-(Platforme!$D$11+Platforme!$D$12-Platforme!$D$11*Platforme!$D$12))*(1-(Platforme!$D$14*Platforme!$D$15)))),Platforme!$D$16)*(1-Platforme!$B$26)+Sezoane!O14*Platforme!$B$26,Platforme!$D$16)))) | H13: =IF(Sezoane!$A$14="","",CEILING(IF(Platforme!$E$13=1,(((Sezoane!E14-Platforme!$B$8)*(1-(Platforme!$B$11+Platforme!$B$12-Platforme!$B$11*Platforme!$B$12))*1/(1+Platforme!$B$31))/(1-(Platforme!$E$11+Platforme!$E$12-Platforme!$E$11*Platforme!$E$12))+Platforme!$B$8)/(1-(Platforme!$E$14*Platforme!$E$15)),(((Sezoane!E14-Platforme!$B$8)*(1-(Platforme!$B$11+Platforme!$B$12-Platforme!$B$11*Platforme!$B$12))*1/(1+Platforme!$B$31))+Platforme!$B$8)/((1-(Platforme!$E$11+Platforme!$E$12-Platforme!$E$11*Platforme!$E$12))*(1-(Platforme!$E$14*Platforme!$E$15)))),Platforme!$E$16)) | I13: =IF(Sezoane!$A$14="","",(Sezoane!E14-Platforme!$B$8)*(1-(Platforme!$B$11+Platforme!$B$12-Platforme!$B$11*Platforme!$B$12))) | J13: =IF(Sezoane!$A$14="","",F13*(1-Platforme!$C$14)) | K13: =IF(Sezoane!$A$14="","",1-E13/MIN(J13,G13,H13)) | L13: =IF(Sezoane!$A$14="","",IFERROR(INDEX('Date actuale'!$C$6:$C$40,MATCH(A13,'Date actuale'!$A$6:$A$40,0)),"")) | M13: =IF(Sezoane!$A$14="","",IFERROR(INDEX('Date actuale'!$D$6:$D$40,MATCH(A13,'Date actuale'!$A$6:$A$40,0)),"")) | N13: =IF(Sezoane!$A$14="","",IFERROR(INDEX('Date actuale'!$E$6:$E$40,MATCH(A13,'Date actuale'!$A$6:$A$40,0)),"")) | O13: =IF(Sezoane!$A$14="","",Sezoane!M14) | P13: =IF(OR(Sezoane!$A$14="",N(Sezoane!O14)=0),"",Sezoane!O14) | Q13: =IF(Sezoane!$A$14="","",IF(Platforme!$D$13=1,(G13*(1-Platforme!$D$14)-Platforme!$B$8)*(1-(Platforme!$D$11+Platforme!$D$12-Platforme!$D$11*Platforme!$D$12)),G13*(1-Platforme!$D$14)*(1-(Platforme!$D$11+Platforme!$D$12-Platforme!$D$11*Platforme!$D$12))-Platforme!$B$8)) | R13: =IF(Sezoane!$A$14="","",Q13/U13-1) | S13: =IF(Sezoane!$A$14="","",G13*(1-Platforme!$B$28)) | T13: =IF(Sezoane!$A$14="","",IF(Platforme!$D$13=1,(S13*(1-Platforme!$D$14)-Platforme!$B$8)*(1-(Platforme!$D$11+Platforme!$D$12-Platforme!$D$11*Platforme!$D$12)),S13*(1-Platforme!$D$14)*(1-(Platforme!$D$11+Platforme!$D$12-Platforme!$D$11*Platforme!$D$12))-Platforme!$B$8)) | U13: =IF(Sezoane!$A$14="","",I13/(1+Platforme!$B$31))
A14: =IF(Sezoane!$A$15="","",Sezoane!A15) | B14: =IF(Sezoane!$A$15="","",Sezoane!C15) | C14: =IF(Sezoane!$A$15="","",Sezoane!D15) | D14: =IF(Sezoane!$A$15="","",Sezoane!F15) | E14: =IF(Sezoane!$A$15="","",Sezoane!E15) | F14: =IF(Sezoane!$A$15="","",CEILING(IF(Platforme!$C$13=1,(((Sezoane!E15-Platforme!$B$8)*(1-(Platforme!$B$11+Platforme!$B$12-Platforme!$B$11*Platforme!$B$12))*1/(1+Platforme!$B$31))/(1-(Platforme!$C$11+Platforme!$C$12-Platforme!$C$11*Platforme!$C$12))+Platforme!$B$8)/(1-(Platforme!$C$14*Platforme!$C$15)),(((Sezoane!E15-Platforme!$B$8)*(1-(Platforme!$B$11+Platforme!$B$12-Platforme!$B$11*Platforme!$B$12))*1/(1+Platforme!$B$31))+Platforme!$B$8)/((1-(Platforme!$C$11+Platforme!$C$12-Platforme!$C$11*Platforme!$C$12))*(1-(Platforme!$C$14*Platforme!$C$15)))),Platforme!$C$16)) | G14: =IF(Sezoane!$A$15="","",IF(N(Sezoane!O15)=0,CEILING(IF(Platforme!$D$13=1,(((Sezoane!E15-Platforme!$B$8)*(1-(Platforme!$B$11+Platforme!$B$12-Platforme!$B$11*Platforme!$B$12))*1/(1+Platforme!$B$31))/(1-(Platforme!$D$11+Platforme!$D$12-Platforme!$D$11*Platforme!$D$12))+Platforme!$B$8)/(1-(Platforme!$D$14*Platforme!$D$15)),(((Sezoane!E15-Platforme!$B$8)*(1-(Platforme!$B$11+Platforme!$B$12-Platforme!$B$11*Platforme!$B$12))*1/(1+Platforme!$B$31))+Platforme!$B$8)/((1-(Platforme!$D$11+Platforme!$D$12-Platforme!$D$11*Platforme!$D$12))*(1-(Platforme!$D$14*Platforme!$D$15)))),Platforme!$D$16),MAX(CEILING(IF(Platforme!$D$13=1,(((Sezoane!E15-Platforme!$B$8)*(1-(Platforme!$B$11+Platforme!$B$12-Platforme!$B$11*Platforme!$B$12))*Platforme!$B$27*(1+Platforme!$B$31)/(1+Platforme!$B$31))/(1-(Platforme!$D$11+Platforme!$D$12-Platforme!$D$11*Platforme!$D$12))+Platforme!$B$8)/(1-(Platforme!$D$14*Platforme!$D$15)),(((Sezoane!E15-Platforme!$B$8)*(1-(Platforme!$B$11+Platforme!$B$12-Platforme!$B$11*Platforme!$B$12))*Platforme!$B$27*(1+Platforme!$B$31)/(1+Platforme!$B$31))+Platforme!$B$8)/((1-(Platforme!$D$11+Platforme!$D$12-Platforme!$D$11*Platforme!$D$12))*(1-(Platforme!$D$14*Platforme!$D$15)))),Platforme!$D$16),CEILING(CEILING(IF(Platforme!$D$13=1,(((Sezoane!E15-Platforme!$B$8)*(1-(Platforme!$B$11+Platforme!$B$12-Platforme!$B$11*Platforme!$B$12))*1/(1+Platforme!$B$31))/(1-(Platforme!$D$11+Platforme!$D$12-Platforme!$D$11*Platforme!$D$12))+Platforme!$B$8)/(1-(Platforme!$D$14*Platforme!$D$15)),(((Sezoane!E15-Platforme!$B$8)*(1-(Platforme!$B$11+Platforme!$B$12-Platforme!$B$11*Platforme!$B$12))*1/(1+Platforme!$B$31))+Platforme!$B$8)/((1-(Platforme!$D$11+Platforme!$D$12-Platforme!$D$11*Platforme!$D$12))*(1-(Platforme!$D$14*Platforme!$D$15)))),Platforme!$D$16)*(1-Platforme!$B$26)+Sezoane!O15*Platforme!$B$26,Platforme!$D$16)))) | H14: =IF(Sezoane!$A$15="","",CEILING(IF(Platforme!$E$13=1,(((Sezoane!E15-Platforme!$B$8)*(1-(Platforme!$B$11+Platforme!$B$12-Platforme!$B$11*Platforme!$B$12))*1/(1+Platforme!$B$31))/(1-(Platforme!$E$11+Platforme!$E$12-Platforme!$E$11*Platforme!$E$12))+Platforme!$B$8)/(1-(Platforme!$E$14*Platforme!$E$15)),(((Sezoane!E15-Platforme!$B$8)*(1-(Platforme!$B$11+Platforme!$B$12-Platforme!$B$11*Platforme!$B$12))*1/(1+Platforme!$B$31))+Platforme!$B$8)/((1-(Platforme!$E$11+Platforme!$E$12-Platforme!$E$11*Platforme!$E$12))*(1-(Platforme!$E$14*Platforme!$E$15)))),Platforme!$E$16)) | I14: =IF(Sezoane!$A$15="","",(Sezoane!E15-Platforme!$B$8)*(1-(Platforme!$B$11+Platforme!$B$12-Platforme!$B$11*Platforme!$B$12))) | J14: =IF(Sezoane!$A$15="","",F14*(1-Platforme!$C$14)) | K14: =IF(Sezoane!$A$15="","",1-E14/MIN(J14,G14,H14)) | L14: =IF(Sezoane!$A$15="","",IFERROR(INDEX('Date actuale'!$C$6:$C$40,MATCH(A14,'Date actuale'!$A$6:$A$40,0)),"")) | M14: =IF(Sezoane!$A$15="","",IFERROR(INDEX('Date actuale'!$D$6:$D$40,MATCH(A14,'Date actuale'!$A$6:$A$40,0)),"")) | N14: =IF(Sezoane!$A$15="","",IFERROR(INDEX('Date actuale'!$E$6:$E$40,MATCH(A14,'Date actuale'!$A$6:$A$40,0)),"")) | O14: =IF(Sezoane!$A$15="","",Sezoane!M15) | P14: =IF(OR(Sezoane!$A$15="",N(Sezoane!O15)=0),"",Sezoane!O15) | Q14: =IF(Sezoane!$A$15="","",IF(Platforme!$D$13=1,(G14*(1-Platforme!$D$14)-Platforme!$B$8)*(1-(Platforme!$D$11+Platforme!$D$12-Platforme!$D$11*Platforme!$D$12)),G14*(1-Platforme!$D$14)*(1-(Platforme!$D$11+Platforme!$D$12-Platforme!$D$11*Platforme!$D$12))-Platforme!$B$8)) | R14: =IF(Sezoane!$A$15="","",Q14/U14-1) | S14: =IF(Sezoane!$A$15="","",G14*(1-Platforme!$B$28)) | T14: =IF(Sezoane!$A$15="","",IF(Platforme!$D$13=1,(S14*(1-Platforme!$D$14)-Platforme!$B$8)*(1-(Platforme!$D$11+Platforme!$D$12-Platforme!$D$11*Platforme!$D$12)),S14*(1-Platforme!$D$14)*(1-(Platforme!$D$11+Platforme!$D$12-Platforme!$D$11*Platforme!$D$12))-Platforme!$B$8)) | U14: =IF(Sezoane!$A$15="","",I14/(1+Platforme!$B$31))
A15: =IF(Sezoane!$A$16="","",Sezoane!A16) | B15: =IF(Sezoane!$A$16="","",Sezoane!C16) | C15: =IF(Sezoane!$A$16="","",Sezoane!D16) | D15: =IF(Sezoane!$A$16="","",Sezoane!F16) | E15: =IF(Sezoane!$A$16="","",Sezoane!E16) | F15: =IF(Sezoane!$A$16="","",CEILING(IF(Platforme!$C$13=1,(((Sezoane!E16-Platforme!$B$8)*(1-(Platforme!$B$11+Platforme!$B$12-Platforme!$B$11*Platforme!$B$12))*1/(1+Platforme!$B$31))/(1-(Platforme!$C$11+Platforme!$C$12-Platforme!$C$11*Platforme!$C$12))+Platforme!$B$8)/(1-(Platforme!$C$14*Platforme!$C$15)),(((Sezoane!E16-Platforme!$B$8)*(1-(Platforme!$B$11+Platforme!$B$12-Platforme!$B$11*Platforme!$B$12))*1/(1+Platforme!$B$31))+Platforme!$B$8)/((1-(Platforme!$C$11+Platforme!$C$12-Platforme!$C$11*Platforme!$C$12))*(1-(Platforme!$C$14*Platforme!$C$15)))),Platforme!$C$16)) | G15: =IF(Sezoane!$A$16="","",IF(N(Sezoane!O16)=0,CEILING(IF(Platforme!$D$13=1,(((Sezoane!E16-Platforme!$B$8)*(1-(Platforme!$B$11+Platforme!$B$12-Platforme!$B$11*Platforme!$B$12))*1/(1+Platforme!$B$31))/(1-(Platforme!$D$11+Platforme!$D$12-Platforme!$D$11*Platforme!$D$12))+Platforme!$B$8)/(1-(Platforme!$D$14*Platforme!$D$15)),(((Sezoane!E16-Platforme!$B$8)*(1-(Platforme!$B$11+Platforme!$B$12-Platforme!$B$11*Platforme!$B$12))*1/(1+Platforme!$B$31))+Platforme!$B$8)/((1-(Platforme!$D$11+Platforme!$D$12-Platforme!$D$11*Platforme!$D$12))*(1-(Platforme!$D$14*Platforme!$D$15)))),Platforme!$D$16),MAX(CEILING(IF(Platforme!$D$13=1,(((Sezoane!E16-Platforme!$B$8)*(1-(Platforme!$B$11+Platforme!$B$12-Platforme!$B$11*Platforme!$B$12))*Platforme!$B$27*(1+Platforme!$B$31)/(1+Platforme!$B$31))/(1-(Platforme!$D$11+Platforme!$D$12-Platforme!$D$11*Platforme!$D$12))+Platforme!$B$8)/(1-(Platforme!$D$14*Platforme!$D$15)),(((Sezoane!E16-Platforme!$B$8)*(1-(Platforme!$B$11+Platforme!$B$12-Platforme!$B$11*Platforme!$B$12))*Platforme!$B$27*(1+Platforme!$B$31)/(1+Platforme!$B$31))+Platforme!$B$8)/((1-(Platforme!$D$11+Platforme!$D$12-Platforme!$D$11*Platforme!$D$12))*(1-(Platforme!$D$14*Platforme!$D$15)))),Platforme!$D$16),CEILING(CEILING(IF(Platforme!$D$13=1,(((Sezoane!E16-Platforme!$B$8)*(1-(Platforme!$B$11+Platforme!$B$12-Platforme!$B$11*Platforme!$B$12))*1/(1+Platforme!$B$31))/(1-(Platforme!$D$11+Platforme!$D$12-Platforme!$D$11*Platforme!$D$12))+Platforme!$B$8)/(1-(Platforme!$D$14*Platforme!$D$15)),(((Sezoane!E16-Platforme!$B$8)*(1-(Platforme!$B$11+Platforme!$B$12-Platforme!$B$11*Platforme!$B$12))*1/(1+Platforme!$B$31))+Platforme!$B$8)/((1-(Platforme!$D$11+Platforme!$D$12-Platforme!$D$11*Platforme!$D$12))*(1-(Platforme!$D$14*Platforme!$D$15)))),Platforme!$D$16)*(1-Platforme!$B$26)+Sezoane!O16*Platforme!$B$26,Platforme!$D$16)))) | H15: =IF(Sezoane!$A$16="","",CEILING(IF(Platforme!$E$13=1,(((Sezoane!E16-Platforme!$B$8)*(1-(Platforme!$B$11+Platforme!$B$12-Platforme!$B$11*Platforme!$B$12))*1/(1+Platforme!$B$31))/(1-(Platforme!$E$11+Platforme!$E$12-Platforme!$E$11*Platforme!$E$12))+Platforme!$B$8)/(1-(Platforme!$E$14*Platforme!$E$15)),(((Sezoane!E16-Platforme!$B$8)*(1-(Platforme!$B$11+Platforme!$B$12-Platforme!$B$11*Platforme!$B$12))*1/(1+Platforme!$B$31))+Platforme!$B$8)/((1-(Platforme!$E$11+Platforme!$E$12-Platforme!$E$11*Platforme!$E$12))*(1-(Platforme!$E$14*Platforme!$E$15)))),Platforme!$E$16)) | I15: =IF(Sezoane!$A$16="","",(Sezoane!E16-Platforme!$B$8)*(1-(Platforme!$B$11+Platforme!$B$12-Platforme!$B$11*Platforme!$B$12))) | J15: =IF(Sezoane!$A$16="","",F15*(1-Platforme!$C$14)) | K15: =IF(Sezoane!$A$16="","",1-E15/MIN(J15,G15,H15)) | L15: =IF(Sezoane!$A$16="","",IFERROR(INDEX('Date actuale'!$C$6:$C$40,MATCH(A15,'Date actuale'!$A$6:$A$40,0)),"")) | M15: =IF(Sezoane!$A$16="","",IFERROR(INDEX('Date actuale'!$D$6:$D$40,MATCH(A15,'Date actuale'!$A$6:$A$40,0)),"")) | N15: =IF(Sezoane!$A$16="","",IFERROR(INDEX('Date actuale'!$E$6:$E$40,MATCH(A15,'Date actuale'!$A$6:$A$40,0)),"")) | O15: =IF(Sezoane!$A$16="","",Sezoane!M16) | P15: =IF(OR(Sezoane!$A$16="",N(Sezoane!O16)=0),"",Sezoane!O16) | Q15: =IF(Sezoane!$A$16="","",IF(Platforme!$D$13=1,(G15*(1-Platforme!$D$14)-Platforme!$B$8)*(1-(Platforme!$D$11+Platforme!$D$12-Platforme!$D$11*Platforme!$D$12)),G15*(1-Platforme!$D$14)*(1-(Platforme!$D$11+Platforme!$D$12-Platforme!$D$11*Platforme!$D$12))-Platforme!$B$8)) | R15: =IF(Sezoane!$A$16="","",Q15/U15-1) | S15: =IF(Sezoane!$A$16="","",G15*(1-Platforme!$B$28)) | T15: =IF(Sezoane!$A$16="","",IF(Platforme!$D$13=1,(S15*(1-Platforme!$D$14)-Platforme!$B$8)*(1-(Platforme!$D$11+Platforme!$D$12-Platforme!$D$11*Platforme!$D$12)),S15*(1-Platforme!$D$14)*(1-(Platforme!$D$11+Platforme!$D$12-Platforme!$D$11*Platforme!$D$12))-Platforme!$B$8)) | U15: =IF(Sezoane!$A$16="","",I15/(1+Platforme!$B$31))
A16: =IF(Sezoane!$A$17="","",Sezoane!A17) | B16: =IF(Sezoane!$A$17="","",Sezoane!C17) | C16: =IF(Sezoane!$A$17="","",Sezoane!D17) | D16: =IF(Sezoane!$A$17="","",Sezoane!F17) | E16: =IF(Sezoane!$A$17="","",Sezoane!E17) | F16: =IF(Sezoane!$A$17="","",CEILING(IF(Platforme!$C$13=1,(((Sezoane!E17-Platforme!$B$8)*(1-(Platforme!$B$11+Platforme!$B$12-Platforme!$B$11*Platforme!$B$12))*1/(1+Platforme!$B$31))/(1-(Platforme!$C$11+Platforme!$C$12-Platforme!$C$11*Platforme!$C$12))+Platforme!$B$8)/(1-(Platforme!$C$14*Platforme!$C$15)),(((Sezoane!E17-Platforme!$B$8)*(1-(Platforme!$B$11+Platforme!$B$12-Platforme!$B$11*Platforme!$B$12))*1/(1+Platforme!$B$31))+Platforme!$B$8)/((1-(Platforme!$C$11+Platforme!$C$12-Platforme!$C$11*Platforme!$C$12))*(1-(Platforme!$C$14*Platforme!$C$15)))),Platforme!$C$16)) | G16: =IF(Sezoane!$A$17="","",IF(N(Sezoane!O17)=0,CEILING(IF(Platforme!$D$13=1,(((Sezoane!E17-Platforme!$B$8)*(1-(Platforme!$B$11+Platforme!$B$12-Platforme!$B$11*Platforme!$B$12))*1/(1+Platforme!$B$31))/(1-(Platforme!$D$11+Platforme!$D$12-Platforme!$D$11*Platforme!$D$12))+Platforme!$B$8)/(1-(Platforme!$D$14*Platforme!$D$15)),(((Sezoane!E17-Platforme!$B$8)*(1-(Platforme!$B$11+Platforme!$B$12-Platforme!$B$11*Platforme!$B$12))*1/(1+Platforme!$B$31))+Platforme!$B$8)/((1-(Platforme!$D$11+Platforme!$D$12-Platforme!$D$11*Platforme!$D$12))*(1-(Platforme!$D$14*Platforme!$D$15)))),Platforme!$D$16),MAX(CEILING(IF(Platforme!$D$13=1,(((Sezoane!E17-Platforme!$B$8)*(1-(Platforme!$B$11+Platforme!$B$12-Platforme!$B$11*Platforme!$B$12))*Platforme!$B$27*(1+Platforme!$B$31)/(1+Platforme!$B$31))/(1-(Platforme!$D$11+Platforme!$D$12-Platforme!$D$11*Platforme!$D$12))+Platforme!$B$8)/(1-(Platforme!$D$14*Platforme!$D$15)),(((Sezoane!E17-Platforme!$B$8)*(1-(Platforme!$B$11+Platforme!$B$12-Platforme!$B$11*Platforme!$B$12))*Platforme!$B$27*(1+Platforme!$B$31)/(1+Platforme!$B$31))+Platforme!$B$8)/((1-(Platforme!$D$11+Platforme!$D$12-Platforme!$D$11*Platforme!$D$12))*(1-(Platforme!$D$14*Platforme!$D$15)))),Platforme!$D$16),CEILING(CEILING(IF(Platforme!$D$13=1,(((Sezoane!E17-Platforme!$B$8)*(1-(Platforme!$B$11+Platforme!$B$12-Platforme!$B$11*Platforme!$B$12))*1/(1+Platforme!$B$31))/(1-(Platforme!$D$11+Platforme!$D$12-Platforme!$D$11*Platforme!$D$12))+Platforme!$B$8)/(1-(Platforme!$D$14*Platforme!$D$15)),(((Sezoane!E17-Platforme!$B$8)*(1-(Platforme!$B$11+Platforme!$B$12-Platforme!$B$11*Platforme!$B$12))*1/(1+Platforme!$B$31))+Platforme!$B$8)/((1-(Platforme!$D$11+Platforme!$D$12-Platforme!$D$11*Platforme!$D$12))*(1-(Platforme!$D$14*Platforme!$D$15)))),Platforme!$D$16)*(1-Platforme!$B$26)+Sezoane!O17*Platforme!$B$26,Platforme!$D$16)))) | H16: =IF(Sezoane!$A$17="","",CEILING(IF(Platforme!$E$13=1,(((Sezoane!E17-Platforme!$B$8)*(1-(Platforme!$B$11+Platforme!$B$12-Platforme!$B$11*Platforme!$B$12))*1/(1+Platforme!$B$31))/(1-(Platforme!$E$11+Platforme!$E$12-Platforme!$E$11*Platforme!$E$12))+Platforme!$B$8)/(1-(Platforme!$E$14*Platforme!$E$15)),(((Sezoane!E17-Platforme!$B$8)*(1-(Platforme!$B$11+Platforme!$B$12-Platforme!$B$11*Platforme!$B$12))*1/(1+Platforme!$B$31))+Platforme!$B$8)/((1-(Platforme!$E$11+Platforme!$E$12-Platforme!$E$11*Platforme!$E$12))*(1-(Platforme!$E$14*Platforme!$E$15)))),Platforme!$E$16)) | I16: =IF(Sezoane!$A$17="","",(Sezoane!E17-Platforme!$B$8)*(1-(Platforme!$B$11+Platforme!$B$12-Platforme!$B$11*Platforme!$B$12))) | J16: =IF(Sezoane!$A$17="","",F16*(1-Platforme!$C$14)) | K16: =IF(Sezoane!$A$17="","",1-E16/MIN(J16,G16,H16)) | L16: =IF(Sezoane!$A$17="","",IFERROR(INDEX('Date actuale'!$C$6:$C$40,MATCH(A16,'Date actuale'!$A$6:$A$40,0)),"")) | M16: =IF(Sezoane!$A$17="","",IFERROR(INDEX('Date actuale'!$D$6:$D$40,MATCH(A16,'Date actuale'!$A$6:$A$40,0)),"")) | N16: =IF(Sezoane!$A$17="","",IFERROR(INDEX('Date actuale'!$E$6:$E$40,MATCH(A16,'Date actuale'!$A$6:$A$40,0)),"")) | O16: =IF(Sezoane!$A$17="","",Sezoane!M17) | P16: =IF(OR(Sezoane!$A$17="",N(Sezoane!O17)=0),"",Sezoane!O17) | Q16: =IF(Sezoane!$A$17="","",IF(Platforme!$D$13=1,(G16*(1-Platforme!$D$14)-Platforme!$B$8)*(1-(Platforme!$D$11+Platforme!$D$12-Platforme!$D$11*Platforme!$D$12)),G16*(1-Platforme!$D$14)*(1-(Platforme!$D$11+Platforme!$D$12-Platforme!$D$11*Platforme!$D$12))-Platforme!$B$8)) | R16: =IF(Sezoane!$A$17="","",Q16/U16-1) | S16: =IF(Sezoane!$A$17="","",G16*(1-Platforme!$B$28)) | T16: =IF(Sezoane!$A$17="","",IF(Platforme!$D$13=1,(S16*(1-Platforme!$D$14)-Platforme!$B$8)*(1-(Platforme!$D$11+Platforme!$D$12-Platforme!$D$11*Platforme!$D$12)),S16*(1-Platforme!$D$14)*(1-(Platforme!$D$11+Platforme!$D$12-Platforme!$D$11*Platforme!$D$12))-Platforme!$B$8)) | U16: =IF(Sezoane!$A$17="","",I16/(1+Platforme!$B$31))
A17: =IF(Sezoane!$A$18="","",Sezoane!A18) | B17: =IF(Sezoane!$A$18="","",Sezoane!C18) | C17: =IF(Sezoane!$A$18="","",Sezoane!D18) | D17: =IF(Sezoane!$A$18="","",Sezoane!F18) | E17: =IF(Sezoane!$A$18="","",Sezoane!E18) | F17: =IF(Sezoane!$A$18="","",CEILING(IF(Platforme!$C$13=1,(((Sezoane!E18-Platforme!$B$8)*(1-(Platforme!$B$11+Platforme!$B$12-Platforme!$B$11*Platforme!$B$12))*1/(1+Platforme!$B$31))/(1-(Platforme!$C$11+Platforme!$C$12-Platforme!$C$11*Platforme!$C$12))+Platforme!$B$8)/(1-(Platforme!$C$14*Platforme!$C$15)),(((Sezoane!E18-Platforme!$B$8)*(1-(Platforme!$B$11+Platforme!$B$12-Platforme!$B$11*Platforme!$B$12))*1/(1+Platforme!$B$31))+Platforme!$B$8)/((1-(Platforme!$C$11+Platforme!$C$12-Platforme!$C$11*Platforme!$C$12))*(1-(Platforme!$C$14*Platforme!$C$15)))),Platforme!$C$16)) | G17: =IF(Sezoane!$A$18="","",IF(N(Sezoane!O18)=0,CEILING(IF(Platforme!$D$13=1,(((Sezoane!E18-Platforme!$B$8)*(1-(Platforme!$B$11+Platforme!$B$12-Platforme!$B$11*Platforme!$B$12))*1/(1+Platforme!$B$31))/(1-(Platforme!$D$11+Platforme!$D$12-Platforme!$D$11*Platforme!$D$12))+Platforme!$B$8)/(1-(Platforme!$D$14*Platforme!$D$15)),(((Sezoane!E18-Platforme!$B$8)*(1-(Platforme!$B$11+Platforme!$B$12-Platforme!$B$11*Platforme!$B$12))*1/(1+Platforme!$B$31))+Platforme!$B$8)/((1-(Platforme!$D$11+Platforme!$D$12-Platforme!$D$11*Platforme!$D$12))*(1-(Platforme!$D$14*Platforme!$D$15)))),Platforme!$D$16),MAX(CEILING(IF(Platforme!$D$13=1,(((Sezoane!E18-Platforme!$B$8)*(1-(Platforme!$B$11+Platforme!$B$12-Platforme!$B$11*Platforme!$B$12))*Platforme!$B$27*(1+Platforme!$B$31)/(1+Platforme!$B$31))/(1-(Platforme!$D$11+Platforme!$D$12-Platforme!$D$11*Platforme!$D$12))+Platforme!$B$8)/(1-(Platforme!$D$14*Platforme!$D$15)),(((Sezoane!E18-Platforme!$B$8)*(1-(Platforme!$B$11+Platforme!$B$12-Platforme!$B$11*Platforme!$B$12))*Platforme!$B$27*(1+Platforme!$B$31)/(1+Platforme!$B$31))+Platforme!$B$8)/((1-(Platforme!$D$11+Platforme!$D$12-Platforme!$D$11*Platforme!$D$12))*(1-(Platforme!$D$14*Platforme!$D$15)))),Platforme!$D$16),CEILING(CEILING(IF(Platforme!$D$13=1,(((Sezoane!E18-Platforme!$B$8)*(1-(Platforme!$B$11+Platforme!$B$12-Platforme!$B$11*Platforme!$B$12))*1/(1+Platforme!$B$31))/(1-(Platforme!$D$11+Platforme!$D$12-Platforme!$D$11*Platforme!$D$12))+Platforme!$B$8)/(1-(Platforme!$D$14*Platforme!$D$15)),(((Sezoane!E18-Platforme!$B$8)*(1-(Platforme!$B$11+Platforme!$B$12-Platforme!$B$11*Platforme!$B$12))*1/(1+Platforme!$B$31))+Platforme!$B$8)/((1-(Platforme!$D$11+Platforme!$D$12-Platforme!$D$11*Platforme!$D$12))*(1-(Platforme!$D$14*Platforme!$D$15)))),Platforme!$D$16)*(1-Platforme!$B$26)+Sezoane!O18*Platforme!$B$26,Platforme!$D$16)))) | H17: =IF(Sezoane!$A$18="","",CEILING(IF(Platforme!$E$13=1,(((Sezoane!E18-Platforme!$B$8)*(1-(Platforme!$B$11+Platforme!$B$12-Platforme!$B$11*Platforme!$B$12))*1/(1+Platforme!$B$31))/(1-(Platforme!$E$11+Platforme!$E$12-Platforme!$E$11*Platforme!$E$12))+Platforme!$B$8)/(1-(Platforme!$E$14*Platforme!$E$15)),(((Sezoane!E18-Platforme!$B$8)*(1-(Platforme!$B$11+Platforme!$B$12-Platforme!$B$11*Platforme!$B$12))*1/(1+Platforme!$B$31))+Platforme!$B$8)/((1-(Platforme!$E$11+Platforme!$E$12-Platforme!$E$11*Platforme!$E$12))*(1-(Platforme!$E$14*Platforme!$E$15)))),Platforme!$E$16)) | I17: =IF(Sezoane!$A$18="","",(Sezoane!E18-Platforme!$B$8)*(1-(Platforme!$B$11+Platforme!$B$12-Platforme!$B$11*Platforme!$B$12))) | J17: =IF(Sezoane!$A$18="","",F17*(1-Platforme!$C$14)) | K17: =IF(Sezoane!$A$18="","",1-E17/MIN(J17,G17,H17)) | L17: =IF(Sezoane!$A$18="","",IFERROR(INDEX('Date actuale'!$C$6:$C$40,MATCH(A17,'Date actuale'!$A$6:$A$40,0)),"")) | M17: =IF(Sezoane!$A$18="","",IFERROR(INDEX('Date actuale'!$D$6:$D$40,MATCH(A17,'Date actuale'!$A$6:$A$40,0)),"")) | N17: =IF(Sezoane!$A$18="","",IFERROR(INDEX('Date actuale'!$E$6:$E$40,MATCH(A17,'Date actuale'!$A$6:$A$40,0)),"")) | O17: =IF(Sezoane!$A$18="","",Sezoane!M18) | P17: =IF(OR(Sezoane!$A$18="",N(Sezoane!O18)=0),"",Sezoane!O18) | Q17: =IF(Sezoane!$A$18="","",IF(Platforme!$D$13=1,(G17*(1-Platforme!$D$14)-Platforme!$B$8)*(1-(Platforme!$D$11+Platforme!$D$12-Platforme!$D$11*Platforme!$D$12)),G17*(1-Platforme!$D$14)*(1-(Platforme!$D$11+Platforme!$D$12-Platforme!$D$11*Platforme!$D$12))-Platforme!$B$8)) | R17: =IF(Sezoane!$A$18="","",Q17/U17-1) | S17: =IF(Sezoane!$A$18="","",G17*(1-Platforme!$B$28)) | T17: =IF(Sezoane!$A$18="","",IF(Platforme!$D$13=1,(S17*(1-Platforme!$D$14)-Platforme!$B$8)*(1-(Platforme!$D$11+Platforme!$D$12-Platforme!$D$11*Platforme!$D$12)),S17*(1-Platforme!$D$14)*(1-(Platforme!$D$11+Platforme!$D$12-Platforme!$D$11*Platforme!$D$12))-Platforme!$B$8)) | U17: =IF(Sezoane!$A$18="","",I17/(1+Platforme!$B$31))
A18: =IF(Sezoane!$A$19="","",Sezoane!A19) | B18: =IF(Sezoane!$A$19="","",Sezoane!C19) | C18: =IF(Sezoane!$A$19="","",Sezoane!D19) | D18: =IF(Sezoane!$A$19="","",Sezoane!F19) | E18: =IF(Sezoane!$A$19="","",Sezoane!E19) | F18: =IF(Sezoane!$A$19="","",CEILING(IF(Platforme!$C$13=1,(((Sezoane!E19-Platforme!$B$8)*(1-(Platforme!$B$11+Platforme!$B$12-Platforme!$B$11*Platforme!$B$12))*1/(1+Platforme!$B$31))/(1-(Platforme!$C$11+Platforme!$C$12-Platforme!$C$11*Platforme!$C$12))+Platforme!$B$8)/(1-(Platforme!$C$14*Platforme!$C$15)),(((Sezoane!E19-Platforme!$B$8)*(1-(Platforme!$B$11+Platforme!$B$12-Platforme!$B$11*Platforme!$B$12))*1/(1+Platforme!$B$31))+Platforme!$B$8)/((1-(Platforme!$C$11+Platforme!$C$12-Platforme!$C$11*Platforme!$C$12))*(1-(Platforme!$C$14*Platforme!$C$15)))),Platforme!$C$16)) | G18: =IF(Sezoane!$A$19="","",IF(N(Sezoane!O19)=0,CEILING(IF(Platforme!$D$13=1,(((Sezoane!E19-Platforme!$B$8)*(1-(Platforme!$B$11+Platforme!$B$12-Platforme!$B$11*Platforme!$B$12))*1/(1+Platforme!$B$31))/(1-(Platforme!$D$11+Platforme!$D$12-Platforme!$D$11*Platforme!$D$12))+Platforme!$B$8)/(1-(Platforme!$D$14*Platforme!$D$15)),(((Sezoane!E19-Platforme!$B$8)*(1-(Platforme!$B$11+Platforme!$B$12-Platforme!$B$11*Platforme!$B$12))*1/(1+Platforme!$B$31))+Platforme!$B$8)/((1-(Platforme!$D$11+Platforme!$D$12-Platforme!$D$11*Platforme!$D$12))*(1-(Platforme!$D$14*Platforme!$D$15)))),Platforme!$D$16),MAX(CEILING(IF(Platforme!$D$13=1,(((Sezoane!E19-Platforme!$B$8)*(1-(Platforme!$B$11+Platforme!$B$12-Platforme!$B$11*Platforme!$B$12))*Platforme!$B$27*(1+Platforme!$B$31)/(1+Platforme!$B$31))/(1-(Platforme!$D$11+Platforme!$D$12-Platforme!$D$11*Platforme!$D$12))+Platforme!$B$8)/(1-(Platforme!$D$14*Platforme!$D$15)),(((Sezoane!E19-Platforme!$B$8)*(1-(Platforme!$B$11+Platforme!$B$12-Platforme!$B$11*Platforme!$B$12))*Platforme!$B$27*(1+Platforme!$B$31)/(1+Platforme!$B$31))+Platforme!$B$8)/((1-(Platforme!$D$11+Platforme!$D$12-Platforme!$D$11*Platforme!$D$12))*(1-(Platforme!$D$14*Platforme!$D$15)))),Platforme!$D$16),CEILING(CEILING(IF(Platforme!$D$13=1,(((Sezoane!E19-Platforme!$B$8)*(1-(Platforme!$B$11+Platforme!$B$12-Platforme!$B$11*Platforme!$B$12))*1/(1+Platforme!$B$31))/(1-(Platforme!$D$11+Platforme!$D$12-Platforme!$D$11*Platforme!$D$12))+Platforme!$B$8)/(1-(Platforme!$D$14*Platforme!$D$15)),(((Sezoane!E19-Platforme!$B$8)*(1-(Platforme!$B$11+Platforme!$B$12-Platforme!$B$11*Platforme!$B$12))*1/(1+Platforme!$B$31))+Platforme!$B$8)/((1-(Platforme!$D$11+Platforme!$D$12-Platforme!$D$11*Platforme!$D$12))*(1-(Platforme!$D$14*Platforme!$D$15)))),Platforme!$D$16)*(1-Platforme!$B$26)+Sezoane!O19*Platforme!$B$26,Platforme!$D$16)))) | H18: =IF(Sezoane!$A$19="","",CEILING(IF(Platforme!$E$13=1,(((Sezoane!E19-Platforme!$B$8)*(1-(Platforme!$B$11+Platforme!$B$12-Platforme!$B$11*Platforme!$B$12))*1/(1+Platforme!$B$31))/(1-(Platforme!$E$11+Platforme!$E$12-Platforme!$E$11*Platforme!$E$12))+Platforme!$B$8)/(1-(Platforme!$E$14*Platforme!$E$15)),(((Sezoane!E19-Platforme!$B$8)*(1-(Platforme!$B$11+Platforme!$B$12-Platforme!$B$11*Platforme!$B$12))*1/(1+Platforme!$B$31))+Platforme!$B$8)/((1-(Platforme!$E$11+Platforme!$E$12-Platforme!$E$11*Platforme!$E$12))*(1-(Platforme!$E$14*Platforme!$E$15)))),Platforme!$E$16)) | I18: =IF(Sezoane!$A$19="","",(Sezoane!E19-Platforme!$B$8)*(1-(Platforme!$B$11+Platforme!$B$12-Platforme!$B$11*Platforme!$B$12))) | J18: =IF(Sezoane!$A$19="","",F18*(1-Platforme!$C$14)) | K18: =IF(Sezoane!$A$19="","",1-E18/MIN(J18,G18,H18)) | L18: =IF(Sezoane!$A$19="","",IFERROR(INDEX('Date actuale'!$C$6:$C$40,MATCH(A18,'Date actuale'!$A$6:$A$40,0)),"")) | M18: =IF(Sezoane!$A$19="","",IFERROR(INDEX('Date actuale'!$D$6:$D$40,MATCH(A18,'Date actuale'!$A$6:$A$40,0)),"")) | N18: =IF(Sezoane!$A$19="","",IFERROR(INDEX('Date actuale'!$E$6:$E$40,MATCH(A18,'Date actuale'!$A$6:$A$40,0)),"")) | O18: =IF(Sezoane!$A$19="","",Sezoane!M19) | P18: =IF(OR(Sezoane!$A$19="",N(Sezoane!O19)=0),"",Sezoane!O19) | Q18: =IF(Sezoane!$A$19="","",IF(Platforme!$D$13=1,(G18*(1-Platforme!$D$14)-Platforme!$B$8)*(1-(Platforme!$D$11+Platforme!$D$12-Platforme!$D$11*Platforme!$D$12)),G18*(1-Platforme!$D$14)*(1-(Platforme!$D$11+Platforme!$D$12-Platforme!$D$11*Platforme!$D$12))-Platforme!$B$8)) | R18: =IF(Sezoane!$A$19="","",Q18/U18-1) | S18: =IF(Sezoane!$A$19="","",G18*(1-Platforme!$B$28)) | T18: =IF(Sezoane!$A$19="","",IF(Platforme!$D$13=1,(S18*(1-Platforme!$D$14)-Platforme!$B$8)*(1-(Platforme!$D$11+Platforme!$D$12-Platforme!$D$11*Platforme!$D$12)),S18*(1-Platforme!$D$14)*(1-(Platforme!$D$11+Platforme!$D$12-Platforme!$D$11*Platforme!$D$12))-Platforme!$B$8)) | U18: =IF(Sezoane!$A$19="","",I18/(1+Platforme!$B$31))
A19: =IF(Sezoane!$A$20="","",Sezoane!A20) | B19: =IF(Sezoane!$A$20="","",Sezoane!C20) | C19: =IF(Sezoane!$A$20="","",Sezoane!D20) | D19: =IF(Sezoane!$A$20="","",Sezoane!F20) | E19: =IF(Sezoane!$A$20="","",Sezoane!E20) | F19: =IF(Sezoane!$A$20="","",CEILING(IF(Platforme!$C$13=1,(((Sezoane!E20-Platforme!$B$8)*(1-(Platforme!$B$11+Platforme!$B$12-Platforme!$B$11*Platforme!$B$12))*1/(1+Platforme!$B$31))/(1-(Platforme!$C$11+Platforme!$C$12-Platforme!$C$11*Platforme!$C$12))+Platforme!$B$8)/(1-(Platforme!$C$14*Platforme!$C$15)),(((Sezoane!E20-Platforme!$B$8)*(1-(Platforme!$B$11+Platforme!$B$12-Platforme!$B$11*Platforme!$B$12))*1/(1+Platforme!$B$31))+Platforme!$B$8)/((1-(Platforme!$C$11+Platforme!$C$12-Platforme!$C$11*Platforme!$C$12))*(1-(Platforme!$C$14*Platforme!$C$15)))),Platforme!$C$16)) | G19: =IF(Sezoane!$A$20="","",IF(N(Sezoane!O20)=0,CEILING(IF(Platforme!$D$13=1,(((Sezoane!E20-Platforme!$B$8)*(1-(Platforme!$B$11+Platforme!$B$12-Platforme!$B$11*Platforme!$B$12))*1/(1+Platforme!$B$31))/(1-(Platforme!$D$11+Platforme!$D$12-Platforme!$D$11*Platforme!$D$12))+Platforme!$B$8)/(1-(Platforme!$D$14*Platforme!$D$15)),(((Sezoane!E20-Platforme!$B$8)*(1-(Platforme!$B$11+Platforme!$B$12-Platforme!$B$11*Platforme!$B$12))*1/(1+Platforme!$B$31))+Platforme!$B$8)/((1-(Platforme!$D$11+Platforme!$D$12-Platforme!$D$11*Platforme!$D$12))*(1-(Platforme!$D$14*Platforme!$D$15)))),Platforme!$D$16),MAX(CEILING(IF(Platforme!$D$13=1,(((Sezoane!E20-Platforme!$B$8)*(1-(Platforme!$B$11+Platforme!$B$12-Platforme!$B$11*Platforme!$B$12))*Platforme!$B$27*(1+Platforme!$B$31)/(1+Platforme!$B$31))/(1-(Platforme!$D$11+Platforme!$D$12-Platforme!$D$11*Platforme!$D$12))+Platforme!$B$8)/(1-(Platforme!$D$14*Platforme!$D$15)),(((Sezoane!E20-Platforme!$B$8)*(1-(Platforme!$B$11+Platforme!$B$12-Platforme!$B$11*Platforme!$B$12))*Platforme!$B$27*(1+Platforme!$B$31)/(1+Platforme!$B$31))+Platforme!$B$8)/((1-(Platforme!$D$11+Platforme!$D$12-Platforme!$D$11*Platforme!$D$12))*(1-(Platforme!$D$14*Platforme!$D$15)))),Platforme!$D$16),CEILING(CEILING(IF(Platforme!$D$13=1,(((Sezoane!E20-Platforme!$B$8)*(1-(Platforme!$B$11+Platforme!$B$12-Platforme!$B$11*Platforme!$B$12))*1/(1+Platforme!$B$31))/(1-(Platforme!$D$11+Platforme!$D$12-Platforme!$D$11*Platforme!$D$12))+Platforme!$B$8)/(1-(Platforme!$D$14*Platforme!$D$15)),(((Sezoane!E20-Platforme!$B$8)*(1-(Platforme!$B$11+Platforme!$B$12-Platforme!$B$11*Platforme!$B$12))*1/(1+Platforme!$B$31))+Platforme!$B$8)/((1-(Platforme!$D$11+Platforme!$D$12-Platforme!$D$11*Platforme!$D$12))*(1-(Platforme!$D$14*Platforme!$D$15)))),Platforme!$D$16)*(1-Platforme!$B$26)+Sezoane!O20*Platforme!$B$26,Platforme!$D$16)))) | H19: =IF(Sezoane!$A$20="","",CEILING(IF(Platforme!$E$13=1,(((Sezoane!E20-Platforme!$B$8)*(1-(Platforme!$B$11+Platforme!$B$12-Platforme!$B$11*Platforme!$B$12))*1/(1+Platforme!$B$31))/(1-(Platforme!$E$11+Platforme!$E$12-Platforme!$E$11*Platforme!$E$12))+Platforme!$B$8)/(1-(Platforme!$E$14*Platforme!$E$15)),(((Sezoane!E20-Platforme!$B$8)*(1-(Platforme!$B$11+Platforme!$B$12-Platforme!$B$11*Platforme!$B$12))*1/(1+Platforme!$B$31))+Platforme!$B$8)/((1-(Platforme!$E$11+Platforme!$E$12-Platforme!$E$11*Platforme!$E$12))*(1-(Platforme!$E$14*Platforme!$E$15)))),Platforme!$E$16)) | I19: =IF(Sezoane!$A$20="","",(Sezoane!E20-Platforme!$B$8)*(1-(Platforme!$B$11+Platforme!$B$12-Platforme!$B$11*Platforme!$B$12))) | J19: =IF(Sezoane!$A$20="","",F19*(1-Platforme!$C$14)) | K19: =IF(Sezoane!$A$20="","",1-E19/MIN(J19,G19,H19)) | L19: =IF(Sezoane!$A$20="","",IFERROR(INDEX('Date actuale'!$C$6:$C$40,MATCH(A19,'Date actuale'!$A$6:$A$40,0)),"")) | M19: =IF(Sezoane!$A$20="","",IFERROR(INDEX('Date actuale'!$D$6:$D$40,MATCH(A19,'Date actuale'!$A$6:$A$40,0)),"")) | N19: =IF(Sezoane!$A$20="","",IFERROR(INDEX('Date actuale'!$E$6:$E$40,MATCH(A19,'Date actuale'!$A$6:$A$40,0)),"")) | O19: =IF(Sezoane!$A$20="","",Sezoane!M20) | P19: =IF(OR(Sezoane!$A$20="",N(Sezoane!O20)=0),"",Sezoane!O20) | Q19: =IF(Sezoane!$A$20="","",IF(Platforme!$D$13=1,(G19*(1-Platforme!$D$14)-Platforme!$B$8)*(1-(Platforme!$D$11+Platforme!$D$12-Platforme!$D$11*Platforme!$D$12)),G19*(1-Platforme!$D$14)*(1-(Platforme!$D$11+Platforme!$D$12-Platforme!$D$11*Platforme!$D$12))-Platforme!$B$8)) | R19: =IF(Sezoane!$A$20="","",Q19/U19-1) | S19: =IF(Sezoane!$A$20="","",G19*(1-Platforme!$B$28)) | T19: =IF(Sezoane!$A$20="","",IF(Platforme!$D$13=1,(S19*(1-Platforme!$D$14)-Platforme!$B$8)*(1-(Platforme!$D$11+Platforme!$D$12-Platforme!$D$11*Platforme!$D$12)),S19*(1-Platforme!$D$14)*(1-(Platforme!$D$11+Platforme!$D$12-Platforme!$D$11*Platforme!$D$12))-Platforme!$B$8)) | U19: =IF(Sezoane!$A$20="","",I19/(1+Platforme!$B$31))
A20: =IF(Sezoane!$A$21="","",Sezoane!A21) | B20: =IF(Sezoane!$A$21="","",Sezoane!C21) | C20: =IF(Sezoane!$A$21="","",Sezoane!D21) | D20: =IF(Sezoane!$A$21="","",Sezoane!F21) | E20: =IF(Sezoane!$A$21="","",Sezoane!E21) | F20: =IF(Sezoane!$A$21="","",CEILING(IF(Platforme!$C$13=1,(((Sezoane!E21-Platforme!$B$8)*(1-(Platforme!$B$11+Platforme!$B$12-Platforme!$B$11*Platforme!$B$12))*1/(1+Platforme!$B$31))/(1-(Platforme!$C$11+Platforme!$C$12-Platforme!$C$11*Platforme!$C$12))+Platforme!$B$8)/(1-(Platforme!$C$14*Platforme!$C$15)),(((Sezoane!E21-Platforme!$B$8)*(1-(Platforme!$B$11+Platforme!$B$12-Platforme!$B$11*Platforme!$B$12))*1/(1+Platforme!$B$31))+Platforme!$B$8)/((1-(Platforme!$C$11+Platforme!$C$12-Platforme!$C$11*Platforme!$C$12))*(1-(Platforme!$C$14*Platforme!$C$15)))),Platforme!$C$16)) | G20: =IF(Sezoane!$A$21="","",IF(N(Sezoane!O21)=0,CEILING(IF(Platforme!$D$13=1,(((Sezoane!E21-Platforme!$B$8)*(1-(Platforme!$B$11+Platforme!$B$12-Platforme!$B$11*Platforme!$B$12))*1/(1+Platforme!$B$31))/(1-(Platforme!$D$11+Platforme!$D$12-Platforme!$D$11*Platforme!$D$12))+Platforme!$B$8)/(1-(Platforme!$D$14*Platforme!$D$15)),(((Sezoane!E21-Platforme!$B$8)*(1-(Platforme!$B$11+Platforme!$B$12-Platforme!$B$11*Platforme!$B$12))*1/(1+Platforme!$B$31))+Platforme!$B$8)/((1-(Platforme!$D$11+Platforme!$D$12-Platforme!$D$11*Platforme!$D$12))*(1-(Platforme!$D$14*Platforme!$D$15)))),Platforme!$D$16),MAX(CEILING(IF(Platforme!$D$13=1,(((Sezoane!E21-Platforme!$B$8)*(1-(Platforme!$B$11+Platforme!$B$12-Platforme!$B$11*Platforme!$B$12))*Platforme!$B$27*(1+Platforme!$B$31)/(1+Platforme!$B$31))/(1-(Platforme!$D$11+Platforme!$D$12-Platforme!$D$11*Platforme!$D$12))+Platforme!$B$8)/(1-(Platforme!$D$14*Platforme!$D$15)),(((Sezoane!E21-Platforme!$B$8)*(1-(Platforme!$B$11+Platforme!$B$12-Platforme!$B$11*Platforme!$B$12))*Platforme!$B$27*(1+Platforme!$B$31)/(1+Platforme!$B$31))+Platforme!$B$8)/((1-(Platforme!$D$11+Platforme!$D$12-Platforme!$D$11*Platforme!$D$12))*(1-(Platforme!$D$14*Platforme!$D$15)))),Platforme!$D$16),CEILING(CEILING(IF(Platforme!$D$13=1,(((Sezoane!E21-Platforme!$B$8)*(1-(Platforme!$B$11+Platforme!$B$12-Platforme!$B$11*Platforme!$B$12))*1/(1+Platforme!$B$31))/(1-(Platforme!$D$11+Platforme!$D$12-Platforme!$D$11*Platforme!$D$12))+Platforme!$B$8)/(1-(Platforme!$D$14*Platforme!$D$15)),(((Sezoane!E21-Platforme!$B$8)*(1-(Platforme!$B$11+Platforme!$B$12-Platforme!$B$11*Platforme!$B$12))*1/(1+Platforme!$B$31))+Platforme!$B$8)/((1-(Platforme!$D$11+Platforme!$D$12-Platforme!$D$11*Platforme!$D$12))*(1-(Platforme!$D$14*Platforme!$D$15)))),Platforme!$D$16)*(1-Platforme!$B$26)+Sezoane!O21*Platforme!$B$26,Platforme!$D$16)))) | H20: =IF(Sezoane!$A$21="","",CEILING(IF(Platforme!$E$13=1,(((Sezoane!E21-Platforme!$B$8)*(1-(Platforme!$B$11+Platforme!$B$12-Platforme!$B$11*Platforme!$B$12))*1/(1+Platforme!$B$31))/(1-(Platforme!$E$11+Platforme!$E$12-Platforme!$E$11*Platforme!$E$12))+Platforme!$B$8)/(1-(Platforme!$E$14*Platforme!$E$15)),(((Sezoane!E21-Platforme!$B$8)*(1-(Platforme!$B$11+Platforme!$B$12-Platforme!$B$11*Platforme!$B$12))*1/(1+Platforme!$B$31))+Platforme!$B$8)/((1-(Platforme!$E$11+Platforme!$E$12-Platforme!$E$11*Platforme!$E$12))*(1-(Platforme!$E$14*Platforme!$E$15)))),Platforme!$E$16)) | I20: =IF(Sezoane!$A$21="","",(Sezoane!E21-Platforme!$B$8)*(1-(Platforme!$B$11+Platforme!$B$12-Platforme!$B$11*Platforme!$B$12))) | J20: =IF(Sezoane!$A$21="","",F20*(1-Platforme!$C$14)) | K20: =IF(Sezoane!$A$21="","",1-E20/MIN(J20,G20,H20)) | L20: =IF(Sezoane!$A$21="","",IFERROR(INDEX('Date actuale'!$C$6:$C$40,MATCH(A20,'Date actuale'!$A$6:$A$40,0)),"")) | M20: =IF(Sezoane!$A$21="","",IFERROR(INDEX('Date actuale'!$D$6:$D$40,MATCH(A20,'Date actuale'!$A$6:$A$40,0)),"")) | N20: =IF(Sezoane!$A$21="","",IFERROR(INDEX('Date actuale'!$E$6:$E$40,MATCH(A20,'Date actuale'!$A$6:$A$40,0)),"")) | O20: =IF(Sezoane!$A$21="","",Sezoane!M21) | P20: =IF(OR(Sezoane!$A$21="",N(Sezoane!O21)=0),"",Sezoane!O21) | Q20: =IF(Sezoane!$A$21="","",IF(Platforme!$D$13=1,(G20*(1-Platforme!$D$14)-Platforme!$B$8)*(1-(Platforme!$D$11+Platforme!$D$12-Platforme!$D$11*Platforme!$D$12)),G20*(1-Platforme!$D$14)*(1-(Platforme!$D$11+Platforme!$D$12-Platforme!$D$11*Platforme!$D$12))-Platforme!$B$8)) | R20: =IF(Sezoane!$A$21="","",Q20/U20-1) | S20: =IF(Sezoane!$A$21="","",G20*(1-Platforme!$B$28)) | T20: =IF(Sezoane!$A$21="","",IF(Platforme!$D$13=1,(S20*(1-Platforme!$D$14)-Platforme!$B$8)*(1-(Platforme!$D$11+Platforme!$D$12-Platforme!$D$11*Platforme!$D$12)),S20*(1-Platforme!$D$14)*(1-(Platforme!$D$11+Platforme!$D$12-Platforme!$D$11*Platforme!$D$12))-Platforme!$B$8)) | U20: =IF(Sezoane!$A$21="","",I20/(1+Platforme!$B$31))
A21: =IF(Sezoane!$A$22="","",Sezoane!A22) | B21: =IF(Sezoane!$A$22="","",Sezoane!C22) | C21: =IF(Sezoane!$A$22="","",Sezoane!D22) | D21: =IF(Sezoane!$A$22="","",Sezoane!F22) | E21: =IF(Sezoane!$A$22="","",Sezoane!E22) | F21: =IF(Sezoane!$A$22="","",CEILING(IF(Platforme!$C$13=1,(((Sezoane!E22-Platforme!$B$8)*(1-(Platforme!$B$11+Platforme!$B$12-Platforme!$B$11*Platforme!$B$12))*1/(1+Platforme!$B$31))/(1-(Platforme!$C$11+Platforme!$C$12-Platforme!$C$11*Platforme!$C$12))+Platforme!$B$8)/(1-(Platforme!$C$14*Platforme!$C$15)),(((Sezoane!E22-Platforme!$B$8)*(1-(Platforme!$B$11+Platforme!$B$12-Platforme!$B$11*Platforme!$B$12))*1/(1+Platforme!$B$31))+Platforme!$B$8)/((1-(Platforme!$C$11+Platforme!$C$12-Platforme!$C$11*Platforme!$C$12))*(1-(Platforme!$C$14*Platforme!$C$15)))),Platforme!$C$16)) | G21: =IF(Sezoane!$A$22="","",IF(N(Sezoane!O22)=0,CEILING(IF(Platforme!$D$13=1,(((Sezoane!E22-Platforme!$B$8)*(1-(Platforme!$B$11+Platforme!$B$12-Platforme!$B$11*Platforme!$B$12))*1/(1+Platforme!$B$31))/(1-(Platforme!$D$11+Platforme!$D$12-Platforme!$D$11*Platforme!$D$12))+Platforme!$B$8)/(1-(Platforme!$D$14*Platforme!$D$15)),(((Sezoane!E22-Platforme!$B$8)*(1-(Platforme!$B$11+Platforme!$B$12-Platforme!$B$11*Platforme!$B$12))*1/(1+Platforme!$B$31))+Platforme!$B$8)/((1-(Platforme!$D$11+Platforme!$D$12-Platforme!$D$11*Platforme!$D$12))*(1-(Platforme!$D$14*Platforme!$D$15)))),Platforme!$D$16),MAX(CEILING(IF(Platforme!$D$13=1,(((Sezoane!E22-Platforme!$B$8)*(1-(Platforme!$B$11+Platforme!$B$12-Platforme!$B$11*Platforme!$B$12))*Platforme!$B$27*(1+Platforme!$B$31)/(1+Platforme!$B$31))/(1-(Platforme!$D$11+Platforme!$D$12-Platforme!$D$11*Platforme!$D$12))+Platforme!$B$8)/(1-(Platforme!$D$14*Platforme!$D$15)),(((Sezoane!E22-Platforme!$B$8)*(1-(Platforme!$B$11+Platforme!$B$12-Platforme!$B$11*Platforme!$B$12))*Platforme!$B$27*(1+Platforme!$B$31)/(1+Platforme!$B$31))+Platforme!$B$8)/((1-(Platforme!$D$11+Platforme!$D$12-Platforme!$D$11*Platforme!$D$12))*(1-(Platforme!$D$14*Platforme!$D$15)))),Platforme!$D$16),CEILING(CEILING(IF(Platforme!$D$13=1,(((Sezoane!E22-Platforme!$B$8)*(1-(Platforme!$B$11+Platforme!$B$12-Platforme!$B$11*Platforme!$B$12))*1/(1+Platforme!$B$31))/(1-(Platforme!$D$11+Platforme!$D$12-Platforme!$D$11*Platforme!$D$12))+Platforme!$B$8)/(1-(Platforme!$D$14*Platforme!$D$15)),(((Sezoane!E22-Platforme!$B$8)*(1-(Platforme!$B$11+Platforme!$B$12-Platforme!$B$11*Platforme!$B$12))*1/(1+Platforme!$B$31))+Platforme!$B$8)/((1-(Platforme!$D$11+Platforme!$D$12-Platforme!$D$11*Platforme!$D$12))*(1-(Platforme!$D$14*Platforme!$D$15)))),Platforme!$D$16)*(1-Platforme!$B$26)+Sezoane!O22*Platforme!$B$26,Platforme!$D$16)))) | H21: =IF(Sezoane!$A$22="","",CEILING(IF(Platforme!$E$13=1,(((Sezoane!E22-Platforme!$B$8)*(1-(Platforme!$B$11+Platforme!$B$12-Platforme!$B$11*Platforme!$B$12))*1/(1+Platforme!$B$31))/(1-(Platforme!$E$11+Platforme!$E$12-Platforme!$E$11*Platforme!$E$12))+Platforme!$B$8)/(1-(Platforme!$E$14*Platforme!$E$15)),(((Sezoane!E22-Platforme!$B$8)*(1-(Platforme!$B$11+Platforme!$B$12-Platforme!$B$11*Platforme!$B$12))*1/(1+Platforme!$B$31))+Platforme!$B$8)/((1-(Platforme!$E$11+Platforme!$E$12-Platforme!$E$11*Platforme!$E$12))*(1-(Platforme!$E$14*Platforme!$E$15)))),Platforme!$E$16)) | I21: =IF(Sezoane!$A$22="","",(Sezoane!E22-Platforme!$B$8)*(1-(Platforme!$B$11+Platforme!$B$12-Platforme!$B$11*Platforme!$B$12))) | J21: =IF(Sezoane!$A$22="","",F21*(1-Platforme!$C$14)) | K21: =IF(Sezoane!$A$22="","",1-E21/MIN(J21,G21,H21)) | L21: =IF(Sezoane!$A$22="","",IFERROR(INDEX('Date actuale'!$C$6:$C$40,MATCH(A21,'Date actuale'!$A$6:$A$40,0)),"")) | M21: =IF(Sezoane!$A$22="","",IFERROR(INDEX('Date actuale'!$D$6:$D$40,MATCH(A21,'Date actuale'!$A$6:$A$40,0)),"")) | N21: =IF(Sezoane!$A$22="","",IFERROR(INDEX('Date actuale'!$E$6:$E$40,MATCH(A21,'Date actuale'!$A$6:$A$40,0)),"")) | O21: =IF(Sezoane!$A$22="","",Sezoane!M22) | P21: =IF(OR(Sezoane!$A$22="",N(Sezoane!O22)=0),"",Sezoane!O22) | Q21: =IF(Sezoane!$A$22="","",IF(Platforme!$D$13=1,(G21*(1-Platforme!$D$14)-Platforme!$B$8)*(1-(Platforme!$D$11+Platforme!$D$12-Platforme!$D$11*Platforme!$D$12)),G21*(1-Platforme!$D$14)*(1-(Platforme!$D$11+Platforme!$D$12-Platforme!$D$11*Platforme!$D$12))-Platforme!$B$8)) | R21: =IF(Sezoane!$A$22="","",Q21/U21-1) | S21: =IF(Sezoane!$A$22="","",G21*(1-Platforme!$B$28)) | T21: =IF(Sezoane!$A$22="","",IF(Platforme!$D$13=1,(S21*(1-Platforme!$D$14)-Platforme!$B$8)*(1-(Platforme!$D$11+Platforme!$D$12-Platforme!$D$11*Platforme!$D$12)),S21*(1-Platforme!$D$14)*(1-(Platforme!$D$11+Platforme!$D$12-Platforme!$D$11*Platforme!$D$12))-Platforme!$B$8)) | U21: =IF(Sezoane!$A$22="","",I21/(1+Platforme!$B$31))
A22: =IF(Sezoane!$A$23="","",Sezoane!A23) | B22: =IF(Sezoane!$A$23="","",Sezoane!C23) | C22: =IF(Sezoane!$A$23="","",Sezoane!D23) | D22: =IF(Sezoane!$A$23="","",Sezoane!F23) | E22: =IF(Sezoane!$A$23="","",Sezoane!E23) | F22: =IF(Sezoane!$A$23="","",CEILING(IF(Platforme!$C$13=1,(((Sezoane!E23-Platforme!$B$8)*(1-(Platforme!$B$11+Platforme!$B$12-Platforme!$B$11*Platforme!$B$12))*1/(1+Platforme!$B$31))/(1-(Platforme!$C$11+Platforme!$C$12-Platforme!$C$11*Platforme!$C$12))+Platforme!$B$8)/(1-(Platforme!$C$14*Platforme!$C$15)),(((Sezoane!E23-Platforme!$B$8)*(1-(Platforme!$B$11+Platforme!$B$12-Platforme!$B$11*Platforme!$B$12))*1/(1+Platforme!$B$31))+Platforme!$B$8)/((1-(Platforme!$C$11+Platforme!$C$12-Platforme!$C$11*Platforme!$C$12))*(1-(Platforme!$C$14*Platforme!$C$15)))),Platforme!$C$16)) | G22: =IF(Sezoane!$A$23="","",IF(N(Sezoane!O23)=0,CEILING(IF(Platforme!$D$13=1,(((Sezoane!E23-Platforme!$B$8)*(1-(Platforme!$B$11+Platforme!$B$12-Platforme!$B$11*Platforme!$B$12))*1/(1+Platforme!$B$31))/(1-(Platforme!$D$11+Platforme!$D$12-Platforme!$D$11*Platforme!$D$12))+Platforme!$B$8)/(1-(Platforme!$D$14*Platforme!$D$15)),(((Sezoane!E23-Platforme!$B$8)*(1-(Platforme!$B$11+Platforme!$B$12-Platforme!$B$11*Platforme!$B$12))*1/(1+Platforme!$B$31))+Platforme!$B$8)/((1-(Platforme!$D$11+Platforme!$D$12-Platforme!$D$11*Platforme!$D$12))*(1-(Platforme!$D$14*Platforme!$D$15)))),Platforme!$D$16),MAX(CEILING(IF(Platforme!$D$13=1,(((Sezoane!E23-Platforme!$B$8)*(1-(Platforme!$B$11+Platforme!$B$12-Platforme!$B$11*Platforme!$B$12))*Platforme!$B$27*(1+Platforme!$B$31)/(1+Platforme!$B$31))/(1-(Platforme!$D$11+Platforme!$D$12-Platforme!$D$11*Platforme!$D$12))+Platforme!$B$8)/(1-(Platforme!$D$14*Platforme!$D$15)),(((Sezoane!E23-Platforme!$B$8)*(1-(Platforme!$B$11+Platforme!$B$12-Platforme!$B$11*Platforme!$B$12))*Platforme!$B$27*(1+Platforme!$B$31)/(1+Platforme!$B$31))+Platforme!$B$8)/((1-(Platforme!$D$11+Platforme!$D$12-Platforme!$D$11*Platforme!$D$12))*(1-(Platforme!$D$14*Platforme!$D$15)))),Platforme!$D$16),CEILING(CEILING(IF(Platforme!$D$13=1,(((Sezoane!E23-Platforme!$B$8)*(1-(Platforme!$B$11+Platforme!$B$12-Platforme!$B$11*Platforme!$B$12))*1/(1+Platforme!$B$31))/(1-(Platforme!$D$11+Platforme!$D$12-Platforme!$D$11*Platforme!$D$12))+Platforme!$B$8)/(1-(Platforme!$D$14*Platforme!$D$15)),(((Sezoane!E23-Platforme!$B$8)*(1-(Platforme!$B$11+Platforme!$B$12-Platforme!$B$11*Platforme!$B$12))*1/(1+Platforme!$B$31))+Platforme!$B$8)/((1-(Platforme!$D$11+Platforme!$D$12-Platforme!$D$11*Platforme!$D$12))*(1-(Platforme!$D$14*Platforme!$D$15)))),Platforme!$D$16)*(1-Platforme!$B$26)+Sezoane!O23*Platforme!$B$26,Platforme!$D$16)))) | H22: =IF(Sezoane!$A$23="","",CEILING(IF(Platforme!$E$13=1,(((Sezoane!E23-Platforme!$B$8)*(1-(Platforme!$B$11+Platforme!$B$12-Platforme!$B$11*Platforme!$B$12))*1/(1+Platforme!$B$31))/(1-(Platforme!$E$11+Platforme!$E$12-Platforme!$E$11*Platforme!$E$12))+Platforme!$B$8)/(1-(Platforme!$E$14*Platforme!$E$15)),(((Sezoane!E23-Platforme!$B$8)*(1-(Platforme!$B$11+Platforme!$B$12-Platforme!$B$11*Platforme!$B$12))*1/(1+Platforme!$B$31))+Platforme!$B$8)/((1-(Platforme!$E$11+Platforme!$E$12-Platforme!$E$11*Platforme!$E$12))*(1-(Platforme!$E$14*Platforme!$E$15)))),Platforme!$E$16)) | I22: =IF(Sezoane!$A$23="","",(Sezoane!E23-Platforme!$B$8)*(1-(Platforme!$B$11+Platforme!$B$12-Platforme!$B$11*Platforme!$B$12))) | J22: =IF(Sezoane!$A$23="","",F22*(1-Platforme!$C$14)) | K22: =IF(Sezoane!$A$23="","",1-E22/MIN(J22,G22,H22)) | L22: =IF(Sezoane!$A$23="","",IFERROR(INDEX('Date actuale'!$C$6:$C$40,MATCH(A22,'Date actuale'!$A$6:$A$40,0)),"")) | M22: =IF(Sezoane!$A$23="","",IFERROR(INDEX('Date actuale'!$D$6:$D$40,MATCH(A22,'Date actuale'!$A$6:$A$40,0)),"")) | N22: =IF(Sezoane!$A$23="","",IFERROR(INDEX('Date actuale'!$E$6:$E$40,MATCH(A22,'Date actuale'!$A$6:$A$40,0)),"")) | O22: =IF(Sezoane!$A$23="","",Sezoane!M23) | P22: =IF(OR(Sezoane!$A$23="",N(Sezoane!O23)=0),"",Sezoane!O23) | Q22: =IF(Sezoane!$A$23="","",IF(Platforme!$D$13=1,(G22*(1-Platforme!$D$14)-Platforme!$B$8)*(1-(Platforme!$D$11+Platforme!$D$12-Platforme!$D$11*Platforme!$D$12)),G22*(1-Platforme!$D$14)*(1-(Platforme!$D$11+Platforme!$D$12-Platforme!$D$11*Platforme!$D$12))-Platforme!$B$8)) | R22: =IF(Sezoane!$A$23="","",Q22/U22-1) | S22: =IF(Sezoane!$A$23="","",G22*(1-Platforme!$B$28)) | T22: =IF(Sezoane!$A$23="","",IF(Platforme!$D$13=1,(S22*(1-Platforme!$D$14)-Platforme!$B$8)*(1-(Platforme!$D$11+Platforme!$D$12-Platforme!$D$11*Platforme!$D$12)),S22*(1-Platforme!$D$14)*(1-(Platforme!$D$11+Platforme!$D$12-Platforme!$D$11*Platforme!$D$12))-Platforme!$B$8)) | U22: =IF(Sezoane!$A$23="","",I22/(1+Platforme!$B$31))
A23: =IF(Sezoane!$A$24="","",Sezoane!A24) | B23: =IF(Sezoane!$A$24="","",Sezoane!C24) | C23: =IF(Sezoane!$A$24="","",Sezoane!D24) | D23: =IF(Sezoane!$A$24="","",Sezoane!F24) | E23: =IF(Sezoane!$A$24="","",Sezoane!E24) | F23: =IF(Sezoane!$A$24="","",CEILING(IF(Platforme!$C$13=1,(((Sezoane!E24-Platforme!$B$8)*(1-(Platforme!$B$11+Platforme!$B$12-Platforme!$B$11*Platforme!$B$12))*1/(1+Platforme!$B$31))/(1-(Platforme!$C$11+Platforme!$C$12-Platforme!$C$11*Platforme!$C$12))+Platforme!$B$8)/(1-(Platforme!$C$14*Platforme!$C$15)),(((Sezoane!E24-Platforme!$B$8)*(1-(Platforme!$B$11+Platforme!$B$12-Platforme!$B$11*Platforme!$B$12))*1/(1+Platforme!$B$31))+Platforme!$B$8)/((1-(Platforme!$C$11+Platforme!$C$12-Platforme!$C$11*Platforme!$C$12))*(1-(Platforme!$C$14*Platforme!$C$15)))),Platforme!$C$16)) | G23: =IF(Sezoane!$A$24="","",IF(N(Sezoane!O24)=0,CEILING(IF(Platforme!$D$13=1,(((Sezoane!E24-Platforme!$B$8)*(1-(Platforme!$B$11+Platforme!$B$12-Platforme!$B$11*Platforme!$B$12))*1/(1+Platforme!$B$31))/(1-(Platforme!$D$11+Platforme!$D$12-Platforme!$D$11*Platforme!$D$12))+Platforme!$B$8)/(1-(Platforme!$D$14*Platforme!$D$15)),(((Sezoane!E24-Platforme!$B$8)*(1-(Platforme!$B$11+Platforme!$B$12-Platforme!$B$11*Platforme!$B$12))*1/(1+Platforme!$B$31))+Platforme!$B$8)/((1-(Platforme!$D$11+Platforme!$D$12-Platforme!$D$11*Platforme!$D$12))*(1-(Platforme!$D$14*Platforme!$D$15)))),Platforme!$D$16),MAX(CEILING(IF(Platforme!$D$13=1,(((Sezoane!E24-Platforme!$B$8)*(1-(Platforme!$B$11+Platforme!$B$12-Platforme!$B$11*Platforme!$B$12))*Platforme!$B$27*(1+Platforme!$B$31)/(1+Platforme!$B$31))/(1-(Platforme!$D$11+Platforme!$D$12-Platforme!$D$11*Platforme!$D$12))+Platforme!$B$8)/(1-(Platforme!$D$14*Platforme!$D$15)),(((Sezoane!E24-Platforme!$B$8)*(1-(Platforme!$B$11+Platforme!$B$12-Platforme!$B$11*Platforme!$B$12))*Platforme!$B$27*(1+Platforme!$B$31)/(1+Platforme!$B$31))+Platforme!$B$8)/((1-(Platforme!$D$11+Platforme!$D$12-Platforme!$D$11*Platforme!$D$12))*(1-(Platforme!$D$14*Platforme!$D$15)))),Platforme!$D$16),CEILING(CEILING(IF(Platforme!$D$13=1,(((Sezoane!E24-Platforme!$B$8)*(1-(Platforme!$B$11+Platforme!$B$12-Platforme!$B$11*Platforme!$B$12))*1/(1+Platforme!$B$31))/(1-(Platforme!$D$11+Platforme!$D$12-Platforme!$D$11*Platforme!$D$12))+Platforme!$B$8)/(1-(Platforme!$D$14*Platforme!$D$15)),(((Sezoane!E24-Platforme!$B$8)*(1-(Platforme!$B$11+Platforme!$B$12-Platforme!$B$11*Platforme!$B$12))*1/(1+Platforme!$B$31))+Platforme!$B$8)/((1-(Platforme!$D$11+Platforme!$D$12-Platforme!$D$11*Platforme!$D$12))*(1-(Platforme!$D$14*Platforme!$D$15)))),Platforme!$D$16)*(1-Platforme!$B$26)+Sezoane!O24*Platforme!$B$26,Platforme!$D$16)))) | H23: =IF(Sezoane!$A$24="","",CEILING(IF(Platforme!$E$13=1,(((Sezoane!E24-Platforme!$B$8)*(1-(Platforme!$B$11+Platforme!$B$12-Platforme!$B$11*Platforme!$B$12))*1/(1+Platforme!$B$31))/(1-(Platforme!$E$11+Platforme!$E$12-Platforme!$E$11*Platforme!$E$12))+Platforme!$B$8)/(1-(Platforme!$E$14*Platforme!$E$15)),(((Sezoane!E24-Platforme!$B$8)*(1-(Platforme!$B$11+Platforme!$B$12-Platforme!$B$11*Platforme!$B$12))*1/(1+Platforme!$B$31))+Platforme!$B$8)/((1-(Platforme!$E$11+Platforme!$E$12-Platforme!$E$11*Platforme!$E$12))*(1-(Platforme!$E$14*Platforme!$E$15)))),Platforme!$E$16)) | I23: =IF(Sezoane!$A$24="","",(Sezoane!E24-Platforme!$B$8)*(1-(Platforme!$B$11+Platforme!$B$12-Platforme!$B$11*Platforme!$B$12))) | J23: =IF(Sezoane!$A$24="","",F23*(1-Platforme!$C$14)) | K23: =IF(Sezoane!$A$24="","",1-E23/MIN(J23,G23,H23)) | L23: =IF(Sezoane!$A$24="","",IFERROR(INDEX('Date actuale'!$C$6:$C$40,MATCH(A23,'Date actuale'!$A$6:$A$40,0)),"")) | M23: =IF(Sezoane!$A$24="","",IFERROR(INDEX('Date actuale'!$D$6:$D$40,MATCH(A23,'Date actuale'!$A$6:$A$40,0)),"")) | N23: =IF(Sezoane!$A$24="","",IFERROR(INDEX('Date actuale'!$E$6:$E$40,MATCH(A23,'Date actuale'!$A$6:$A$40,0)),"")) | O23: =IF(Sezoane!$A$24="","",Sezoane!M24) | P23: =IF(OR(Sezoane!$A$24="",N(Sezoane!O24)=0),"",Sezoane!O24) | Q23: =IF(Sezoane!$A$24="","",IF(Platforme!$D$13=1,(G23*(1-Platforme!$D$14)-Platforme!$B$8)*(1-(Platforme!$D$11+Platforme!$D$12-Platforme!$D$11*Platforme!$D$12)),G23*(1-Platforme!$D$14)*(1-(Platforme!$D$11+Platforme!$D$12-Platforme!$D$11*Platforme!$D$12))-Platforme!$B$8)) | R23: =IF(Sezoane!$A$24="","",Q23/U23-1) | S23: =IF(Sezoane!$A$24="","",G23*(1-Platforme!$B$28)) | T23: =IF(Sezoane!$A$24="","",IF(Platforme!$D$13=1,(S23*(1-Platforme!$D$14)-Platforme!$B$8)*(1-(Platforme!$D$11+Platforme!$D$12-Platforme!$D$11*Platforme!$D$12)),S23*(1-Platforme!$D$14)*(1-(Platforme!$D$11+Platforme!$D$12-Platforme!$D$11*Platforme!$D$12))-Platforme!$B$8)) | U23: =IF(Sezoane!$A$24="","",I23/(1+Platforme!$B$31))
A24: =IF(Sezoane!$A$25="","",Sezoane!A25) | B24: =IF(Sezoane!$A$25="","",Sezoane!C25) | C24: =IF(Sezoane!$A$25="","",Sezoane!D25) | D24: =IF(Sezoane!$A$25="","",Sezoane!F25) | E24: =IF(Sezoane!$A$25="","",Sezoane!E25) | F24: =IF(Sezoane!$A$25="","",CEILING(IF(Platforme!$C$13=1,(((Sezoane!E25-Platforme!$B$8)*(1-(Platforme!$B$11+Platforme!$B$12-Platforme!$B$11*Platforme!$B$12))*1/(1+Platforme!$B$31))/(1-(Platforme!$C$11+Platforme!$C$12-Platforme!$C$11*Platforme!$C$12))+Platforme!$B$8)/(1-(Platforme!$C$14*Platforme!$C$15)),(((Sezoane!E25-Platforme!$B$8)*(1-(Platforme!$B$11+Platforme!$B$12-Platforme!$B$11*Platforme!$B$12))*1/(1+Platforme!$B$31))+Platforme!$B$8)/((1-(Platforme!$C$11+Platforme!$C$12-Platforme!$C$11*Platforme!$C$12))*(1-(Platforme!$C$14*Platforme!$C$15)))),Platforme!$C$16)) | G24: =IF(Sezoane!$A$25="","",IF(N(Sezoane!O25)=0,CEILING(IF(Platforme!$D$13=1,(((Sezoane!E25-Platforme!$B$8)*(1-(Platforme!$B$11+Platforme!$B$12-Platforme!$B$11*Platforme!$B$12))*1/(1+Platforme!$B$31))/(1-(Platforme!$D$11+Platforme!$D$12-Platforme!$D$11*Platforme!$D$12))+Platforme!$B$8)/(1-(Platforme!$D$14*Platforme!$D$15)),(((Sezoane!E25-Platforme!$B$8)*(1-(Platforme!$B$11+Platforme!$B$12-Platforme!$B$11*Platforme!$B$12))*1/(1+Platforme!$B$31))+Platforme!$B$8)/((1-(Platforme!$D$11+Platforme!$D$12-Platforme!$D$11*Platforme!$D$12))*(1-(Platforme!$D$14*Platforme!$D$15)))),Platforme!$D$16),MAX(CEILING(IF(Platforme!$D$13=1,(((Sezoane!E25-Platforme!$B$8)*(1-(Platforme!$B$11+Platforme!$B$12-Platforme!$B$11*Platforme!$B$12))*Platforme!$B$27*(1+Platforme!$B$31)/(1+Platforme!$B$31))/(1-(Platforme!$D$11+Platforme!$D$12-Platforme!$D$11*Platforme!$D$12))+Platforme!$B$8)/(1-(Platforme!$D$14*Platforme!$D$15)),(((Sezoane!E25-Platforme!$B$8)*(1-(Platforme!$B$11+Platforme!$B$12-Platforme!$B$11*Platforme!$B$12))*Platforme!$B$27*(1+Platforme!$B$31)/(1+Platforme!$B$31))+Platforme!$B$8)/((1-(Platforme!$D$11+Platforme!$D$12-Platforme!$D$11*Platforme!$D$12))*(1-(Platforme!$D$14*Platforme!$D$15)))),Platforme!$D$16),CEILING(CEILING(IF(Platforme!$D$13=1,(((Sezoane!E25-Platforme!$B$8)*(1-(Platforme!$B$11+Platforme!$B$12-Platforme!$B$11*Platforme!$B$12))*1/(1+Platforme!$B$31))/(1-(Platforme!$D$11+Platforme!$D$12-Platforme!$D$11*Platforme!$D$12))+Platforme!$B$8)/(1-(Platforme!$D$14*Platforme!$D$15)),(((Sezoane!E25-Platforme!$B$8)*(1-(Platforme!$B$11+Platforme!$B$12-Platforme!$B$11*Platforme!$B$12))*1/(1+Platforme!$B$31))+Platforme!$B$8)/((1-(Platforme!$D$11+Platforme!$D$12-Platforme!$D$11*Platforme!$D$12))*(1-(Platforme!$D$14*Platforme!$D$15)))),Platforme!$D$16)*(1-Platforme!$B$26)+Sezoane!O25*Platforme!$B$26,Platforme!$D$16)))) | H24: =IF(Sezoane!$A$25="","",CEILING(IF(Platforme!$E$13=1,(((Sezoane!E25-Platforme!$B$8)*(1-(Platforme!$B$11+Platforme!$B$12-Platforme!$B$11*Platforme!$B$12))*1/(1+Platforme!$B$31))/(1-(Platforme!$E$11+Platforme!$E$12-Platforme!$E$11*Platforme!$E$12))+Platforme!$B$8)/(1-(Platforme!$E$14*Platforme!$E$15)),(((Sezoane!E25-Platforme!$B$8)*(1-(Platforme!$B$11+Platforme!$B$12-Platforme!$B$11*Platforme!$B$12))*1/(1+Platforme!$B$31))+Platforme!$B$8)/((1-(Platforme!$E$11+Platforme!$E$12-Platforme!$E$11*Platforme!$E$12))*(1-(Platforme!$E$14*Platforme!$E$15)))),Platforme!$E$16)) | I24: =IF(Sezoane!$A$25="","",(Sezoane!E25-Platforme!$B$8)*(1-(Platforme!$B$11+Platforme!$B$12-Platforme!$B$11*Platforme!$B$12))) | J24: =IF(Sezoane!$A$25="","",F24*(1-Platforme!$C$14)) | K24: =IF(Sezoane!$A$25="","",1-E24/MIN(J24,G24,H24)) | L24: =IF(Sezoane!$A$25="","",IFERROR(INDEX('Date actuale'!$C$6:$C$40,MATCH(A24,'Date actuale'!$A$6:$A$40,0)),"")) | M24: =IF(Sezoane!$A$25="","",IFERROR(INDEX('Date actuale'!$D$6:$D$40,MATCH(A24,'Date actuale'!$A$6:$A$40,0)),"")) | N24: =IF(Sezoane!$A$25="","",IFERROR(INDEX('Date actuale'!$E$6:$E$40,MATCH(A24,'Date actuale'!$A$6:$A$40,0)),"")) | O24: =IF(Sezoane!$A$25="","",Sezoane!M25) | P24: =IF(OR(Sezoane!$A$25="",N(Sezoane!O25)=0),"",Sezoane!O25) | Q24: =IF(Sezoane!$A$25="","",IF(Platforme!$D$13=1,(G24*(1-Platforme!$D$14)-Platforme!$B$8)*(1-(Platforme!$D$11+Platforme!$D$12-Platforme!$D$11*Platforme!$D$12)),G24*(1-Platforme!$D$14)*(1-(Platforme!$D$11+Platforme!$D$12-Platforme!$D$11*Platforme!$D$12))-Platforme!$B$8)) | R24: =IF(Sezoane!$A$25="","",Q24/U24-1) | S24: =IF(Sezoane!$A$25="","",G24*(1-Platforme!$B$28)) | T24: =IF(Sezoane!$A$25="","",IF(Platforme!$D$13=1,(S24*(1-Platforme!$D$14)-Platforme!$B$8)*(1-(Platforme!$D$11+Platforme!$D$12-Platforme!$D$11*Platforme!$D$12)),S24*(1-Platforme!$D$14)*(1-(Platforme!$D$11+Platforme!$D$12-Platforme!$D$11*Platforme!$D$12))-Platforme!$B$8)) | U24: =IF(Sezoane!$A$25="","",I24/(1+Platforme!$B$31))
A25: =IF(Sezoane!$A$26="","",Sezoane!A26) | B25: =IF(Sezoane!$A$26="","",Sezoane!C26) | C25: =IF(Sezoane!$A$26="","",Sezoane!D26) | D25: =IF(Sezoane!$A$26="","",Sezoane!F26) | E25: =IF(Sezoane!$A$26="","",Sezoane!E26) | F25: =IF(Sezoane!$A$26="","",CEILING(IF(Platforme!$C$13=1,(((Sezoane!E26-Platforme!$B$8)*(1-(Platforme!$B$11+Platforme!$B$12-Platforme!$B$11*Platforme!$B$12))*1/(1+Platforme!$B$31))/(1-(Platforme!$C$11+Platforme!$C$12-Platforme!$C$11*Platforme!$C$12))+Platforme!$B$8)/(1-(Platforme!$C$14*Platforme!$C$15)),(((Sezoane!E26-Platforme!$B$8)*(1-(Platforme!$B$11+Platforme!$B$12-Platforme!$B$11*Platforme!$B$12))*1/(1+Platforme!$B$31))+Platforme!$B$8)/((1-(Platforme!$C$11+Platforme!$C$12-Platforme!$C$11*Platforme!$C$12))*(1-(Platforme!$C$14*Platforme!$C$15)))),Platforme!$C$16)) | G25: =IF(Sezoane!$A$26="","",IF(N(Sezoane!O26)=0,CEILING(IF(Platforme!$D$13=1,(((Sezoane!E26-Platforme!$B$8)*(1-(Platforme!$B$11+Platforme!$B$12-Platforme!$B$11*Platforme!$B$12))*1/(1+Platforme!$B$31))/(1-(Platforme!$D$11+Platforme!$D$12-Platforme!$D$11*Platforme!$D$12))+Platforme!$B$8)/(1-(Platforme!$D$14*Platforme!$D$15)),(((Sezoane!E26-Platforme!$B$8)*(1-(Platforme!$B$11+Platforme!$B$12-Platforme!$B$11*Platforme!$B$12))*1/(1+Platforme!$B$31))+Platforme!$B$8)/((1-(Platforme!$D$11+Platforme!$D$12-Platforme!$D$11*Platforme!$D$12))*(1-(Platforme!$D$14*Platforme!$D$15)))),Platforme!$D$16),MAX(CEILING(IF(Platforme!$D$13=1,(((Sezoane!E26-Platforme!$B$8)*(1-(Platforme!$B$11+Platforme!$B$12-Platforme!$B$11*Platforme!$B$12))*Platforme!$B$27*(1+Platforme!$B$31)/(1+Platforme!$B$31))/(1-(Platforme!$D$11+Platforme!$D$12-Platforme!$D$11*Platforme!$D$12))+Platforme!$B$8)/(1-(Platforme!$D$14*Platforme!$D$15)),(((Sezoane!E26-Platforme!$B$8)*(1-(Platforme!$B$11+Platforme!$B$12-Platforme!$B$11*Platforme!$B$12))*Platforme!$B$27*(1+Platforme!$B$31)/(1+Platforme!$B$31))+Platforme!$B$8)/((1-(Platforme!$D$11+Platforme!$D$12-Platforme!$D$11*Platforme!$D$12))*(1-(Platforme!$D$14*Platforme!$D$15)))),Platforme!$D$16),CEILING(CEILING(IF(Platforme!$D$13=1,(((Sezoane!E26-Platforme!$B$8)*(1-(Platforme!$B$11+Platforme!$B$12-Platforme!$B$11*Platforme!$B$12))*1/(1+Platforme!$B$31))/(1-(Platforme!$D$11+Platforme!$D$12-Platforme!$D$11*Platforme!$D$12))+Platforme!$B$8)/(1-(Platforme!$D$14*Platforme!$D$15)),(((Sezoane!E26-Platforme!$B$8)*(1-(Platforme!$B$11+Platforme!$B$12-Platforme!$B$11*Platforme!$B$12))*1/(1+Platforme!$B$31))+Platforme!$B$8)/((1-(Platforme!$D$11+Platforme!$D$12-Platforme!$D$11*Platforme!$D$12))*(1-(Platforme!$D$14*Platforme!$D$15)))),Platforme!$D$16)*(1-Platforme!$B$26)+Sezoane!O26*Platforme!$B$26,Platforme!$D$16)))) | H25: =IF(Sezoane!$A$26="","",CEILING(IF(Platforme!$E$13=1,(((Sezoane!E26-Platforme!$B$8)*(1-(Platforme!$B$11+Platforme!$B$12-Platforme!$B$11*Platforme!$B$12))*1/(1+Platforme!$B$31))/(1-(Platforme!$E$11+Platforme!$E$12-Platforme!$E$11*Platforme!$E$12))+Platforme!$B$8)/(1-(Platforme!$E$14*Platforme!$E$15)),(((Sezoane!E26-Platforme!$B$8)*(1-(Platforme!$B$11+Platforme!$B$12-Platforme!$B$11*Platforme!$B$12))*1/(1+Platforme!$B$31))+Platforme!$B$8)/((1-(Platforme!$E$11+Platforme!$E$12-Platforme!$E$11*Platforme!$E$12))*(1-(Platforme!$E$14*Platforme!$E$15)))),Platforme!$E$16)) | I25: =IF(Sezoane!$A$26="","",(Sezoane!E26-Platforme!$B$8)*(1-(Platforme!$B$11+Platforme!$B$12-Platforme!$B$11*Platforme!$B$12))) | J25: =IF(Sezoane!$A$26="","",F25*(1-Platforme!$C$14)) | K25: =IF(Sezoane!$A$26="","",1-E25/MIN(J25,G25,H25)) | L25: =IF(Sezoane!$A$26="","",IFERROR(INDEX('Date actuale'!$C$6:$C$40,MATCH(A25,'Date actuale'!$A$6:$A$40,0)),"")) | M25: =IF(Sezoane!$A$26="","",IFERROR(INDEX('Date actuale'!$D$6:$D$40,MATCH(A25,'Date actuale'!$A$6:$A$40,0)),"")) | N25: =IF(Sezoane!$A$26="","",IFERROR(INDEX('Date actuale'!$E$6:$E$40,MATCH(A25,'Date actuale'!$A$6:$A$40,0)),"")) | O25: =IF(Sezoane!$A$26="","",Sezoane!M26) | P25: =IF(OR(Sezoane!$A$26="",N(Sezoane!O26)=0),"",Sezoane!O26) | Q25: =IF(Sezoane!$A$26="","",IF(Platforme!$D$13=1,(G25*(1-Platforme!$D$14)-Platforme!$B$8)*(1-(Platforme!$D$11+Platforme!$D$12-Platforme!$D$11*Platforme!$D$12)),G25*(1-Platforme!$D$14)*(1-(Platforme!$D$11+Platforme!$D$12-Platforme!$D$11*Platforme!$D$12))-Platforme!$B$8)) | R25: =IF(Sezoane!$A$26="","",Q25/U25-1) | S25: =IF(Sezoane!$A$26="","",G25*(1-Platforme!$B$28)) | T25: =IF(Sezoane!$A$26="","",IF(Platforme!$D$13=1,(S25*(1-Platforme!$D$14)-Platforme!$B$8)*(1-(Platforme!$D$11+Platforme!$D$12-Platforme!$D$11*Platforme!$D$12)),S25*(1-Platforme!$D$14)*(1-(Platforme!$D$11+Platforme!$D$12-Platforme!$D$11*Platforme!$D$12))-Platforme!$B$8)) | U25: =IF(Sezoane!$A$26="","",I25/(1+Platforme!$B$31))
A26: =IF(Sezoane!$A$27="","",Sezoane!A27) | B26: =IF(Sezoane!$A$27="","",Sezoane!C27) | C26: =IF(Sezoane!$A$27="","",Sezoane!D27) | D26: =IF(Sezoane!$A$27="","",Sezoane!F27) | E26: =IF(Sezoane!$A$27="","",Sezoane!E27) | F26: =IF(Sezoane!$A$27="","",CEILING(IF(Platforme!$C$13=1,(((Sezoane!E27-Platforme!$B$8)*(1-(Platforme!$B$11+Platforme!$B$12-Platforme!$B$11*Platforme!$B$12))*1/(1+Platforme!$B$31))/(1-(Platforme!$C$11+Platforme!$C$12-Platforme!$C$11*Platforme!$C$12))+Platforme!$B$8)/(1-(Platforme!$C$14*Platforme!$C$15)),(((Sezoane!E27-Platforme!$B$8)*(1-(Platforme!$B$11+Platforme!$B$12-Platforme!$B$11*Platforme!$B$12))*1/(1+Platforme!$B$31))+Platforme!$B$8)/((1-(Platforme!$C$11+Platforme!$C$12-Platforme!$C$11*Platforme!$C$12))*(1-(Platforme!$C$14*Platforme!$C$15)))),Platforme!$C$16)) | G26: =IF(Sezoane!$A$27="","",IF(N(Sezoane!O27)=0,CEILING(IF(Platforme!$D$13=1,(((Sezoane!E27-Platforme!$B$8)*(1-(Platforme!$B$11+Platforme!$B$12-Platforme!$B$11*Platforme!$B$12))*1/(1+Platforme!$B$31))/(1-(Platforme!$D$11+Platforme!$D$12-Platforme!$D$11*Platforme!$D$12))+Platforme!$B$8)/(1-(Platforme!$D$14*Platforme!$D$15)),(((Sezoane!E27-Platforme!$B$8)*(1-(Platforme!$B$11+Platforme!$B$12-Platforme!$B$11*Platforme!$B$12))*1/(1+Platforme!$B$31))+Platforme!$B$8)/((1-(Platforme!$D$11+Platforme!$D$12-Platforme!$D$11*Platforme!$D$12))*(1-(Platforme!$D$14*Platforme!$D$15)))),Platforme!$D$16),MAX(CEILING(IF(Platforme!$D$13=1,(((Sezoane!E27-Platforme!$B$8)*(1-(Platforme!$B$11+Platforme!$B$12-Platforme!$B$11*Platforme!$B$12))*Platforme!$B$27*(1+Platforme!$B$31)/(1+Platforme!$B$31))/(1-(Platforme!$D$11+Platforme!$D$12-Platforme!$D$11*Platforme!$D$12))+Platforme!$B$8)/(1-(Platforme!$D$14*Platforme!$D$15)),(((Sezoane!E27-Platforme!$B$8)*(1-(Platforme!$B$11+Platforme!$B$12-Platforme!$B$11*Platforme!$B$12))*Platforme!$B$27*(1+Platforme!$B$31)/(1+Platforme!$B$31))+Platforme!$B$8)/((1-(Platforme!$D$11+Platforme!$D$12-Platforme!$D$11*Platforme!$D$12))*(1-(Platforme!$D$14*Platforme!$D$15)))),Platforme!$D$16),CEILING(CEILING(IF(Platforme!$D$13=1,(((Sezoane!E27-Platforme!$B$8)*(1-(Platforme!$B$11+Platforme!$B$12-Platforme!$B$11*Platforme!$B$12))*1/(1+Platforme!$B$31))/(1-(Platforme!$D$11+Platforme!$D$12-Platforme!$D$11*Platforme!$D$12))+Platforme!$B$8)/(1-(Platforme!$D$14*Platforme!$D$15)),(((Sezoane!E27-Platforme!$B$8)*(1-(Platforme!$B$11+Platforme!$B$12-Platforme!$B$11*Platforme!$B$12))*1/(1+Platforme!$B$31))+Platforme!$B$8)/((1-(Platforme!$D$11+Platforme!$D$12-Platforme!$D$11*Platforme!$D$12))*(1-(Platforme!$D$14*Platforme!$D$15)))),Platforme!$D$16)*(1-Platforme!$B$26)+Sezoane!O27*Platforme!$B$26,Platforme!$D$16)))) | H26: =IF(Sezoane!$A$27="","",CEILING(IF(Platforme!$E$13=1,(((Sezoane!E27-Platforme!$B$8)*(1-(Platforme!$B$11+Platforme!$B$12-Platforme!$B$11*Platforme!$B$12))*1/(1+Platforme!$B$31))/(1-(Platforme!$E$11+Platforme!$E$12-Platforme!$E$11*Platforme!$E$12))+Platforme!$B$8)/(1-(Platforme!$E$14*Platforme!$E$15)),(((Sezoane!E27-Platforme!$B$8)*(1-(Platforme!$B$11+Platforme!$B$12-Platforme!$B$11*Platforme!$B$12))*1/(1+Platforme!$B$31))+Platforme!$B$8)/((1-(Platforme!$E$11+Platforme!$E$12-Platforme!$E$11*Platforme!$E$12))*(1-(Platforme!$E$14*Platforme!$E$15)))),Platforme!$E$16)) | I26: =IF(Sezoane!$A$27="","",(Sezoane!E27-Platforme!$B$8)*(1-(Platforme!$B$11+Platforme!$B$12-Platforme!$B$11*Platforme!$B$12))) | J26: =IF(Sezoane!$A$27="","",F26*(1-Platforme!$C$14)) | K26: =IF(Sezoane!$A$27="","",1-E26/MIN(J26,G26,H26)) | L26: =IF(Sezoane!$A$27="","",IFERROR(INDEX('Date actuale'!$C$6:$C$40,MATCH(A26,'Date actuale'!$A$6:$A$40,0)),"")) | M26: =IF(Sezoane!$A$27="","",IFERROR(INDEX('Date actuale'!$D$6:$D$40,MATCH(A26,'Date actuale'!$A$6:$A$40,0)),"")) | N26: =IF(Sezoane!$A$27="","",IFERROR(INDEX('Date actuale'!$E$6:$E$40,MATCH(A26,'Date actuale'!$A$6:$A$40,0)),"")) | O26: =IF(Sezoane!$A$27="","",Sezoane!M27) | P26: =IF(OR(Sezoane!$A$27="",N(Sezoane!O27)=0),"",Sezoane!O27) | Q26: =IF(Sezoane!$A$27="","",IF(Platforme!$D$13=1,(G26*(1-Platforme!$D$14)-Platforme!$B$8)*(1-(Platforme!$D$11+Platforme!$D$12-Platforme!$D$11*Platforme!$D$12)),G26*(1-Platforme!$D$14)*(1-(Platforme!$D$11+Platforme!$D$12-Platforme!$D$11*Platforme!$D$12))-Platforme!$B$8)) | R26: =IF(Sezoane!$A$27="","",Q26/U26-1) | S26: =IF(Sezoane!$A$27="","",G26*(1-Platforme!$B$28)) | T26: =IF(Sezoane!$A$27="","",IF(Platforme!$D$13=1,(S26*(1-Platforme!$D$14)-Platforme!$B$8)*(1-(Platforme!$D$11+Platforme!$D$12-Platforme!$D$11*Platforme!$D$12)),S26*(1-Platforme!$D$14)*(1-(Platforme!$D$11+Platforme!$D$12-Platforme!$D$11*Platforme!$D$12))-Platforme!$B$8)) | U26: =IF(Sezoane!$A$27="","",I26/(1+Platforme!$B$31))
A27: =IF(Sezoane!$A$28="","",Sezoane!A28) | B27: =IF(Sezoane!$A$28="","",Sezoane!C28) | C27: =IF(Sezoane!$A$28="","",Sezoane!D28) | D27: =IF(Sezoane!$A$28="","",Sezoane!F28) | E27: =IF(Sezoane!$A$28="","",Sezoane!E28) | F27: =IF(Sezoane!$A$28="","",CEILING(IF(Platforme!$C$13=1,(((Sezoane!E28-Platforme!$B$8)*(1-(Platforme!$B$11+Platforme!$B$12-Platforme!$B$11*Platforme!$B$12))*1/(1+Platforme!$B$31))/(1-(Platforme!$C$11+Platforme!$C$12-Platforme!$C$11*Platforme!$C$12))+Platforme!$B$8)/(1-(Platforme!$C$14*Platforme!$C$15)),(((Sezoane!E28-Platforme!$B$8)*(1-(Platforme!$B$11+Platforme!$B$12-Platforme!$B$11*Platforme!$B$12))*1/(1+Platforme!$B$31))+Platforme!$B$8)/((1-(Platforme!$C$11+Platforme!$C$12-Platforme!$C$11*Platforme!$C$12))*(1-(Platforme!$C$14*Platforme!$C$15)))),Platforme!$C$16)) | G27: =IF(Sezoane!$A$28="","",IF(N(Sezoane!O28)=0,CEILING(IF(Platforme!$D$13=1,(((Sezoane!E28-Platforme!$B$8)*(1-(Platforme!$B$11+Platforme!$B$12-Platforme!$B$11*Platforme!$B$12))*1/(1+Platforme!$B$31))/(1-(Platforme!$D$11+Platforme!$D$12-Platforme!$D$11*Platforme!$D$12))+Platforme!$B$8)/(1-(Platforme!$D$14*Platforme!$D$15)),(((Sezoane!E28-Platforme!$B$8)*(1-(Platforme!$B$11+Platforme!$B$12-Platforme!$B$11*Platforme!$B$12))*1/(1+Platforme!$B$31))+Platforme!$B$8)/((1-(Platforme!$D$11+Platforme!$D$12-Platforme!$D$11*Platforme!$D$12))*(1-(Platforme!$D$14*Platforme!$D$15)))),Platforme!$D$16),MAX(CEILING(IF(Platforme!$D$13=1,(((Sezoane!E28-Platforme!$B$8)*(1-(Platforme!$B$11+Platforme!$B$12-Platforme!$B$11*Platforme!$B$12))*Platforme!$B$27*(1+Platforme!$B$31)/(1+Platforme!$B$31))/(1-(Platforme!$D$11+Platforme!$D$12-Platforme!$D$11*Platforme!$D$12))+Platforme!$B$8)/(1-(Platforme!$D$14*Platforme!$D$15)),(((Sezoane!E28-Platforme!$B$8)*(1-(Platforme!$B$11+Platforme!$B$12-Platforme!$B$11*Platforme!$B$12))*Platforme!$B$27*(1+Platforme!$B$31)/(1+Platforme!$B$31))+Platforme!$B$8)/((1-(Platforme!$D$11+Platforme!$D$12-Platforme!$D$11*Platforme!$D$12))*(1-(Platforme!$D$14*Platforme!$D$15)))),Platforme!$D$16),CEILING(CEILING(IF(Platforme!$D$13=1,(((Sezoane!E28-Platforme!$B$8)*(1-(Platforme!$B$11+Platforme!$B$12-Platforme!$B$11*Platforme!$B$12))*1/(1+Platforme!$B$31))/(1-(Platforme!$D$11+Platforme!$D$12-Platforme!$D$11*Platforme!$D$12))+Platforme!$B$8)/(1-(Platforme!$D$14*Platforme!$D$15)),(((Sezoane!E28-Platforme!$B$8)*(1-(Platforme!$B$11+Platforme!$B$12-Platforme!$B$11*Platforme!$B$12))*1/(1+Platforme!$B$31))+Platforme!$B$8)/((1-(Platforme!$D$11+Platforme!$D$12-Platforme!$D$11*Platforme!$D$12))*(1-(Platforme!$D$14*Platforme!$D$15)))),Platforme!$D$16)*(1-Platforme!$B$26)+Sezoane!O28*Platforme!$B$26,Platforme!$D$16)))) | H27: =IF(Sezoane!$A$28="","",CEILING(IF(Platforme!$E$13=1,(((Sezoane!E28-Platforme!$B$8)*(1-(Platforme!$B$11+Platforme!$B$12-Platforme!$B$11*Platforme!$B$12))*1/(1+Platforme!$B$31))/(1-(Platforme!$E$11+Platforme!$E$12-Platforme!$E$11*Platforme!$E$12))+Platforme!$B$8)/(1-(Platforme!$E$14*Platforme!$E$15)),(((Sezoane!E28-Platforme!$B$8)*(1-(Platforme!$B$11+Platforme!$B$12-Platforme!$B$11*Platforme!$B$12))*1/(1+Platforme!$B$31))+Platforme!$B$8)/((1-(Platforme!$E$11+Platforme!$E$12-Platforme!$E$11*Platforme!$E$12))*(1-(Platforme!$E$14*Platforme!$E$15)))),Platforme!$E$16)) | I27: =IF(Sezoane!$A$28="","",(Sezoane!E28-Platforme!$B$8)*(1-(Platforme!$B$11+Platforme!$B$12-Platforme!$B$11*Platforme!$B$12))) | J27: =IF(Sezoane!$A$28="","",F27*(1-Platforme!$C$14)) | K27: =IF(Sezoane!$A$28="","",1-E27/MIN(J27,G27,H27)) | L27: =IF(Sezoane!$A$28="","",IFERROR(INDEX('Date actuale'!$C$6:$C$40,MATCH(A27,'Date actuale'!$A$6:$A$40,0)),"")) | M27: =IF(Sezoane!$A$28="","",IFERROR(INDEX('Date actuale'!$D$6:$D$40,MATCH(A27,'Date actuale'!$A$6:$A$40,0)),"")) | N27: =IF(Sezoane!$A$28="","",IFERROR(INDEX('Date actuale'!$E$6:$E$40,MATCH(A27,'Date actuale'!$A$6:$A$40,0)),"")) | O27: =IF(Sezoane!$A$28="","",Sezoane!M28) | P27: =IF(OR(Sezoane!$A$28="",N(Sezoane!O28)=0),"",Sezoane!O28) | Q27: =IF(Sezoane!$A$28="","",IF(Platforme!$D$13=1,(G27*(1-Platforme!$D$14)-Platforme!$B$8)*(1-(Platforme!$D$11+Platforme!$D$12-Platforme!$D$11*Platforme!$D$12)),G27*(1-Platforme!$D$14)*(1-(Platforme!$D$11+Platforme!$D$12-Platforme!$D$11*Platforme!$D$12))-Platforme!$B$8)) | R27: =IF(Sezoane!$A$28="","",Q27/U27-1) | S27: =IF(Sezoane!$A$28="","",G27*(1-Platforme!$B$28)) | T27: =IF(Sezoane!$A$28="","",IF(Platforme!$D$13=1,(S27*(1-Platforme!$D$14)-Platforme!$B$8)*(1-(Platforme!$D$11+Platforme!$D$12-Platforme!$D$11*Platforme!$D$12)),S27*(1-Platforme!$D$14)*(1-(Platforme!$D$11+Platforme!$D$12-Platforme!$D$11*Platforme!$D$12))-Platforme!$B$8)) | U27: =IF(Sezoane!$A$28="","",I27/(1+Platforme!$B$31))
A28: =IF(Sezoane!$A$29="","",Sezoane!A29) | B28: =IF(Sezoane!$A$29="","",Sezoane!C29) | C28: =IF(Sezoane!$A$29="","",Sezoane!D29) | D28: =IF(Sezoane!$A$29="","",Sezoane!F29) | E28: =IF(Sezoane!$A$29="","",Sezoane!E29) | F28: =IF(Sezoane!$A$29="","",CEILING(IF(Platforme!$C$13=1,(((Sezoane!E29-Platforme!$B$8)*(1-(Platforme!$B$11+Platforme!$B$12-Platforme!$B$11*Platforme!$B$12))*1/(1+Platforme!$B$31))/(1-(Platforme!$C$11+Platforme!$C$12-Platforme!$C$11*Platforme!$C$12))+Platforme!$B$8)/(1-(Platforme!$C$14*Platforme!$C$15)),(((Sezoane!E29-Platforme!$B$8)*(1-(Platforme!$B$11+Platforme!$B$12-Platforme!$B$11*Platforme!$B$12))*1/(1+Platforme!$B$31))+Platforme!$B$8)/((1-(Platforme!$C$11+Platforme!$C$12-Platforme!$C$11*Platforme!$C$12))*(1-(Platforme!$C$14*Platforme!$C$15)))),Platforme!$C$16)) | G28: =IF(Sezoane!$A$29="","",IF(N(Sezoane!O29)=0,CEILING(IF(Platforme!$D$13=1,(((Sezoane!E29-Platforme!$B$8)*(1-(Platforme!$B$11+Platforme!$B$12-Platforme!$B$11*Platforme!$B$12))*1/(1+Platforme!$B$31))/(1-(Platforme!$D$11+Platforme!$D$12-Platforme!$D$11*Platforme!$D$12))+Platforme!$B$8)/(1-(Platforme!$D$14*Platforme!$D$15)),(((Sezoane!E29-Platforme!$B$8)*(1-(Platforme!$B$11+Platforme!$B$12-Platforme!$B$11*Platforme!$B$12))*1/(1+Platforme!$B$31))+Platforme!$B$8)/((1-(Platforme!$D$11+Platforme!$D$12-Platforme!$D$11*Platforme!$D$12))*(1-(Platforme!$D$14*Platforme!$D$15)))),Platforme!$D$16),MAX(CEILING(IF(Platforme!$D$13=1,(((Sezoane!E29-Platforme!$B$8)*(1-(Platforme!$B$11+Platforme!$B$12-Platforme!$B$11*Platforme!$B$12))*Platforme!$B$27*(1+Platforme!$B$31)/(1+Platforme!$B$31))/(1-(Platforme!$D$11+Platforme!$D$12-Platforme!$D$11*Platforme!$D$12))+Platforme!$B$8)/(1-(Platforme!$D$14*Platforme!$D$15)),(((Sezoane!E29-Platforme!$B$8)*(1-(Platforme!$B$11+Platforme!$B$12-Platforme!$B$11*Platforme!$B$12))*Platforme!$B$27*(1+Platforme!$B$31)/(1+Platforme!$B$31))+Platforme!$B$8)/((1-(Platforme!$D$11+Platforme!$D$12-Platforme!$D$11*Platforme!$D$12))*(1-(Platforme!$D$14*Platforme!$D$15)))),Platforme!$D$16),CEILING(CEILING(IF(Platforme!$D$13=1,(((Sezoane!E29-Platforme!$B$8)*(1-(Platforme!$B$11+Platforme!$B$12-Platforme!$B$11*Platforme!$B$12))*1/(1+Platforme!$B$31))/(1-(Platforme!$D$11+Platforme!$D$12-Platforme!$D$11*Platforme!$D$12))+Platforme!$B$8)/(1-(Platforme!$D$14*Platforme!$D$15)),(((Sezoane!E29-Platforme!$B$8)*(1-(Platforme!$B$11+Platforme!$B$12-Platforme!$B$11*Platforme!$B$12))*1/(1+Platforme!$B$31))+Platforme!$B$8)/((1-(Platforme!$D$11+Platforme!$D$12-Platforme!$D$11*Platforme!$D$12))*(1-(Platforme!$D$14*Platforme!$D$15)))),Platforme!$D$16)*(1-Platforme!$B$26)+Sezoane!O29*Platforme!$B$26,Platforme!$D$16)))) | H28: =IF(Sezoane!$A$29="","",CEILING(IF(Platforme!$E$13=1,(((Sezoane!E29-Platforme!$B$8)*(1-(Platforme!$B$11+Platforme!$B$12-Platforme!$B$11*Platforme!$B$12))*1/(1+Platforme!$B$31))/(1-(Platforme!$E$11+Platforme!$E$12-Platforme!$E$11*Platforme!$E$12))+Platforme!$B$8)/(1-(Platforme!$E$14*Platforme!$E$15)),(((Sezoane!E29-Platforme!$B$8)*(1-(Platforme!$B$11+Platforme!$B$12-Platforme!$B$11*Platforme!$B$12))*1/(1+Platforme!$B$31))+Platforme!$B$8)/((1-(Platforme!$E$11+Platforme!$E$12-Platforme!$E$11*Platforme!$E$12))*(1-(Platforme!$E$14*Platforme!$E$15)))),Platforme!$E$16)) | I28: =IF(Sezoane!$A$29="","",(Sezoane!E29-Platforme!$B$8)*(1-(Platforme!$B$11+Platforme!$B$12-Platforme!$B$11*Platforme!$B$12))) | J28: =IF(Sezoane!$A$29="","",F28*(1-Platforme!$C$14)) | K28: =IF(Sezoane!$A$29="","",1-E28/MIN(J28,G28,H28)) | L28: =IF(Sezoane!$A$29="","",IFERROR(INDEX('Date actuale'!$C$6:$C$40,MATCH(A28,'Date actuale'!$A$6:$A$40,0)),"")) | M28: =IF(Sezoane!$A$29="","",IFERROR(INDEX('Date actuale'!$D$6:$D$40,MATCH(A28,'Date actuale'!$A$6:$A$40,0)),"")) | N28: =IF(Sezoane!$A$29="","",IFERROR(INDEX('Date actuale'!$E$6:$E$40,MATCH(A28,'Date actuale'!$A$6:$A$40,0)),"")) | O28: =IF(Sezoane!$A$29="","",Sezoane!M29) | P28: =IF(OR(Sezoane!$A$29="",N(Sezoane!O29)=0),"",Sezoane!O29) | Q28: =IF(Sezoane!$A$29="","",IF(Platforme!$D$13=1,(G28*(1-Platforme!$D$14)-Platforme!$B$8)*(1-(Platforme!$D$11+Platforme!$D$12-Platforme!$D$11*Platforme!$D$12)),G28*(1-Platforme!$D$14)*(1-(Platforme!$D$11+Platforme!$D$12-Platforme!$D$11*Platforme!$D$12))-Platforme!$B$8)) | R28: =IF(Sezoane!$A$29="","",Q28/U28-1) | S28: =IF(Sezoane!$A$29="","",G28*(1-Platforme!$B$28)) | T28: =IF(Sezoane!$A$29="","",IF(Platforme!$D$13=1,(S28*(1-Platforme!$D$14)-Platforme!$B$8)*(1-(Platforme!$D$11+Platforme!$D$12-Platforme!$D$11*Platforme!$D$12)),S28*(1-Platforme!$D$14)*(1-(Platforme!$D$11+Platforme!$D$12-Platforme!$D$11*Platforme!$D$12))-Platforme!$B$8)) | U28: =IF(Sezoane!$A$29="","",I28/(1+Platforme!$B$31))
A29: =IF(Sezoane!$A$30="","",Sezoane!A30) | B29: =IF(Sezoane!$A$30="","",Sezoane!C30) | C29: =IF(Sezoane!$A$30="","",Sezoane!D30) | D29: =IF(Sezoane!$A$30="","",Sezoane!F30) | E29: =IF(Sezoane!$A$30="","",Sezoane!E30) | F29: =IF(Sezoane!$A$30="","",CEILING(IF(Platforme!$C$13=1,(((Sezoane!E30-Platforme!$B$8)*(1-(Platforme!$B$11+Platforme!$B$12-Platforme!$B$11*Platforme!$B$12))*1/(1+Platforme!$B$31))/(1-(Platforme!$C$11+Platforme!$C$12-Platforme!$C$11*Platforme!$C$12))+Platforme!$B$8)/(1-(Platforme!$C$14*Platforme!$C$15)),(((Sezoane!E30-Platforme!$B$8)*(1-(Platforme!$B$11+Platforme!$B$12-Platforme!$B$11*Platforme!$B$12))*1/(1+Platforme!$B$31))+Platforme!$B$8)/((1-(Platforme!$C$11+Platforme!$C$12-Platforme!$C$11*Platforme!$C$12))*(1-(Platforme!$C$14*Platforme!$C$15)))),Platforme!$C$16)) | G29: =IF(Sezoane!$A$30="","",IF(N(Sezoane!O30)=0,CEILING(IF(Platforme!$D$13=1,(((Sezoane!E30-Platforme!$B$8)*(1-(Platforme!$B$11+Platforme!$B$12-Platforme!$B$11*Platforme!$B$12))*1/(1+Platforme!$B$31))/(1-(Platforme!$D$11+Platforme!$D$12-Platforme!$D$11*Platforme!$D$12))+Platforme!$B$8)/(1-(Platforme!$D$14*Platforme!$D$15)),(((Sezoane!E30-Platforme!$B$8)*(1-(Platforme!$B$11+Platforme!$B$12-Platforme!$B$11*Platforme!$B$12))*1/(1+Platforme!$B$31))+Platforme!$B$8)/((1-(Platforme!$D$11+Platforme!$D$12-Platforme!$D$11*Platforme!$D$12))*(1-(Platforme!$D$14*Platforme!$D$15)))),Platforme!$D$16),MAX(CEILING(IF(Platforme!$D$13=1,(((Sezoane!E30-Platforme!$B$8)*(1-(Platforme!$B$11+Platforme!$B$12-Platforme!$B$11*Platforme!$B$12))*Platforme!$B$27*(1+Platforme!$B$31)/(1+Platforme!$B$31))/(1-(Platforme!$D$11+Platforme!$D$12-Platforme!$D$11*Platforme!$D$12))+Platforme!$B$8)/(1-(Platforme!$D$14*Platforme!$D$15)),(((Sezoane!E30-Platforme!$B$8)*(1-(Platforme!$B$11+Platforme!$B$12-Platforme!$B$11*Platforme!$B$12))*Platforme!$B$27*(1+Platforme!$B$31)/(1+Platforme!$B$31))+Platforme!$B$8)/((1-(Platforme!$D$11+Platforme!$D$12-Platforme!$D$11*Platforme!$D$12))*(1-(Platforme!$D$14*Platforme!$D$15)))),Platforme!$D$16),CEILING(CEILING(IF(Platforme!$D$13=1,(((Sezoane!E30-Platforme!$B$8)*(1-(Platforme!$B$11+Platforme!$B$12-Platforme!$B$11*Platforme!$B$12))*1/(1+Platforme!$B$31))/(1-(Platforme!$D$11+Platforme!$D$12-Platforme!$D$11*Platforme!$D$12))+Platforme!$B$8)/(1-(Platforme!$D$14*Platforme!$D$15)),(((Sezoane!E30-Platforme!$B$8)*(1-(Platforme!$B$11+Platforme!$B$12-Platforme!$B$11*Platforme!$B$12))*1/(1+Platforme!$B$31))+Platforme!$B$8)/((1-(Platforme!$D$11+Platforme!$D$12-Platforme!$D$11*Platforme!$D$12))*(1-(Platforme!$D$14*Platforme!$D$15)))),Platforme!$D$16)*(1-Platforme!$B$26)+Sezoane!O30*Platforme!$B$26,Platforme!$D$16)))) | H29: =IF(Sezoane!$A$30="","",CEILING(IF(Platforme!$E$13=1,(((Sezoane!E30-Platforme!$B$8)*(1-(Platforme!$B$11+Platforme!$B$12-Platforme!$B$11*Platforme!$B$12))*1/(1+Platforme!$B$31))/(1-(Platforme!$E$11+Platforme!$E$12-Platforme!$E$11*Platforme!$E$12))+Platforme!$B$8)/(1-(Platforme!$E$14*Platforme!$E$15)),(((Sezoane!E30-Platforme!$B$8)*(1-(Platforme!$B$11+Platforme!$B$12-Platforme!$B$11*Platforme!$B$12))*1/(1+Platforme!$B$31))+Platforme!$B$8)/((1-(Platforme!$E$11+Platforme!$E$12-Platforme!$E$11*Platforme!$E$12))*(1-(Platforme!$E$14*Platforme!$E$15)))),Platforme!$E$16)) | I29: =IF(Sezoane!$A$30="","",(Sezoane!E30-Platforme!$B$8)*(1-(Platforme!$B$11+Platforme!$B$12-Platforme!$B$11*Platforme!$B$12))) | J29: =IF(Sezoane!$A$30="","",F29*(1-Platforme!$C$14)) | K29: =IF(Sezoane!$A$30="","",1-E29/MIN(J29,G29,H29)) | L29: =IF(Sezoane!$A$30="","",IFERROR(INDEX('Date actuale'!$C$6:$C$40,MATCH(A29,'Date actuale'!$A$6:$A$40,0)),"")) | M29: =IF(Sezoane!$A$30="","",IFERROR(INDEX('Date actuale'!$D$6:$D$40,MATCH(A29,'Date actuale'!$A$6:$A$40,0)),"")) | N29: =IF(Sezoane!$A$30="","",IFERROR(INDEX('Date actuale'!$E$6:$E$40,MATCH(A29,'Date actuale'!$A$6:$A$40,0)),"")) | O29: =IF(Sezoane!$A$30="","",Sezoane!M30) | P29: =IF(OR(Sezoane!$A$30="",N(Sezoane!O30)=0),"",Sezoane!O30) | Q29: =IF(Sezoane!$A$30="","",IF(Platforme!$D$13=1,(G29*(1-Platforme!$D$14)-Platforme!$B$8)*(1-(Platforme!$D$11+Platforme!$D$12-Platforme!$D$11*Platforme!$D$12)),G29*(1-Platforme!$D$14)*(1-(Platforme!$D$11+Platforme!$D$12-Platforme!$D$11*Platforme!$D$12))-Platforme!$B$8)) | R29: =IF(Sezoane!$A$30="","",Q29/U29-1) | S29: =IF(Sezoane!$A$30="","",G29*(1-Platforme!$B$28)) | T29: =IF(Sezoane!$A$30="","",IF(Platforme!$D$13=1,(S29*(1-Platforme!$D$14)-Platforme!$B$8)*(1-(Platforme!$D$11+Platforme!$D$12-Platforme!$D$11*Platforme!$D$12)),S29*(1-Platforme!$D$14)*(1-(Platforme!$D$11+Platforme!$D$12-Platforme!$D$11*Platforme!$D$12))-Platforme!$B$8)) | U29: =IF(Sezoane!$A$30="","",I29/(1+Platforme!$B$31))
A30: =IF(Sezoane!$A$31="","",Sezoane!A31) | B30: =IF(Sezoane!$A$31="","",Sezoane!C31) | C30: =IF(Sezoane!$A$31="","",Sezoane!D31) | D30: =IF(Sezoane!$A$31="","",Sezoane!F31) | E30: =IF(Sezoane!$A$31="","",Sezoane!E31) | F30: =IF(Sezoane!$A$31="","",CEILING(IF(Platforme!$C$13=1,(((Sezoane!E31-Platforme!$B$8)*(1-(Platforme!$B$11+Platforme!$B$12-Platforme!$B$11*Platforme!$B$12))*1/(1+Platforme!$B$31))/(1-(Platforme!$C$11+Platforme!$C$12-Platforme!$C$11*Platforme!$C$12))+Platforme!$B$8)/(1-(Platforme!$C$14*Platforme!$C$15)),(((Sezoane!E31-Platforme!$B$8)*(1-(Platforme!$B$11+Platforme!$B$12-Platforme!$B$11*Platforme!$B$12))*1/(1+Platforme!$B$31))+Platforme!$B$8)/((1-(Platforme!$C$11+Platforme!$C$12-Platforme!$C$11*Platforme!$C$12))*(1-(Platforme!$C$14*Platforme!$C$15)))),Platforme!$C$16)) | G30: =IF(Sezoane!$A$31="","",IF(N(Sezoane!O31)=0,CEILING(IF(Platforme!$D$13=1,(((Sezoane!E31-Platforme!$B$8)*(1-(Platforme!$B$11+Platforme!$B$12-Platforme!$B$11*Platforme!$B$12))*1/(1+Platforme!$B$31))/(1-(Platforme!$D$11+Platforme!$D$12-Platforme!$D$11*Platforme!$D$12))+Platforme!$B$8)/(1-(Platforme!$D$14*Platforme!$D$15)),(((Sezoane!E31-Platforme!$B$8)*(1-(Platforme!$B$11+Platforme!$B$12-Platforme!$B$11*Platforme!$B$12))*1/(1+Platforme!$B$31))+Platforme!$B$8)/((1-(Platforme!$D$11+Platforme!$D$12-Platforme!$D$11*Platforme!$D$12))*(1-(Platforme!$D$14*Platforme!$D$15)))),Platforme!$D$16),MAX(CEILING(IF(Platforme!$D$13=1,(((Sezoane!E31-Platforme!$B$8)*(1-(Platforme!$B$11+Platforme!$B$12-Platforme!$B$11*Platforme!$B$12))*Platforme!$B$27*(1+Platforme!$B$31)/(1+Platforme!$B$31))/(1-(Platforme!$D$11+Platforme!$D$12-Platforme!$D$11*Platforme!$D$12))+Platforme!$B$8)/(1-(Platforme!$D$14*Platforme!$D$15)),(((Sezoane!E31-Platforme!$B$8)*(1-(Platforme!$B$11+Platforme!$B$12-Platforme!$B$11*Platforme!$B$12))*Platforme!$B$27*(1+Platforme!$B$31)/(1+Platforme!$B$31))+Platforme!$B$8)/((1-(Platforme!$D$11+Platforme!$D$12-Platforme!$D$11*Platforme!$D$12))*(1-(Platforme!$D$14*Platforme!$D$15)))),Platforme!$D$16),CEILING(CEILING(IF(Platforme!$D$13=1,(((Sezoane!E31-Platforme!$B$8)*(1-(Platforme!$B$11+Platforme!$B$12-Platforme!$B$11*Platforme!$B$12))*1/(1+Platforme!$B$31))/(1-(Platforme!$D$11+Platforme!$D$12-Platforme!$D$11*Platforme!$D$12))+Platforme!$B$8)/(1-(Platforme!$D$14*Platforme!$D$15)),(((Sezoane!E31-Platforme!$B$8)*(1-(Platforme!$B$11+Platforme!$B$12-Platforme!$B$11*Platforme!$B$12))*1/(1+Platforme!$B$31))+Platforme!$B$8)/((1-(Platforme!$D$11+Platforme!$D$12-Platforme!$D$11*Platforme!$D$12))*(1-(Platforme!$D$14*Platforme!$D$15)))),Platforme!$D$16)*(1-Platforme!$B$26)+Sezoane!O31*Platforme!$B$26,Platforme!$D$16)))) | H30: =IF(Sezoane!$A$31="","",CEILING(IF(Platforme!$E$13=1,(((Sezoane!E31-Platforme!$B$8)*(1-(Platforme!$B$11+Platforme!$B$12-Platforme!$B$11*Platforme!$B$12))*1/(1+Platforme!$B$31))/(1-(Platforme!$E$11+Platforme!$E$12-Platforme!$E$11*Platforme!$E$12))+Platforme!$B$8)/(1-(Platforme!$E$14*Platforme!$E$15)),(((Sezoane!E31-Platforme!$B$8)*(1-(Platforme!$B$11+Platforme!$B$12-Platforme!$B$11*Platforme!$B$12))*1/(1+Platforme!$B$31))+Platforme!$B$8)/((1-(Platforme!$E$11+Platforme!$E$12-Platforme!$E$11*Platforme!$E$12))*(1-(Platforme!$E$14*Platforme!$E$15)))),Platforme!$E$16)) | I30: =IF(Sezoane!$A$31="","",(Sezoane!E31-Platforme!$B$8)*(1-(Platforme!$B$11+Platforme!$B$12-Platforme!$B$11*Platforme!$B$12))) | J30: =IF(Sezoane!$A$31="","",F30*(1-Platforme!$C$14)) | K30: =IF(Sezoane!$A$31="","",1-E30/MIN(J30,G30,H30)) | L30: =IF(Sezoane!$A$31="","",IFERROR(INDEX('Date actuale'!$C$6:$C$40,MATCH(A30,'Date actuale'!$A$6:$A$40,0)),"")) | M30: =IF(Sezoane!$A$31="","",IFERROR(INDEX('Date actuale'!$D$6:$D$40,MATCH(A30,'Date actuale'!$A$6:$A$40,0)),"")) | N30: =IF(Sezoane!$A$31="","",IFERROR(INDEX('Date actuale'!$E$6:$E$40,MATCH(A30,'Date actuale'!$A$6:$A$40,0)),"")) | O30: =IF(Sezoane!$A$31="","",Sezoane!M31) | P30: =IF(OR(Sezoane!$A$31="",N(Sezoane!O31)=0),"",Sezoane!O31) | Q30: =IF(Sezoane!$A$31="","",IF(Platforme!$D$13=1,(G30*(1-Platforme!$D$14)-Platforme!$B$8)*(1-(Platforme!$D$11+Platforme!$D$12-Platforme!$D$11*Platforme!$D$12)),G30*(1-Platforme!$D$14)*(1-(Platforme!$D$11+Platforme!$D$12-Platforme!$D$11*Platforme!$D$12))-Platforme!$B$8)) | R30: =IF(Sezoane!$A$31="","",Q30/U30-1) | S30: =IF(Sezoane!$A$31="","",G30*(1-Platforme!$B$28)) | T30: =IF(Sezoane!$A$31="","",IF(Platforme!$D$13=1,(S30*(1-Platforme!$D$14)-Platforme!$B$8)*(1-(Platforme!$D$11+Platforme!$D$12-Platforme!$D$11*Platforme!$D$12)),S30*(1-Platforme!$D$14)*(1-(Platforme!$D$11+Platforme!$D$12-Platforme!$D$11*Platforme!$D$12))-Platforme!$B$8)) | U30: =IF(Sezoane!$A$31="","",I30/(1+Platforme!$B$31))
A31: =IF(Sezoane!$A$32="","",Sezoane!A32) | B31: =IF(Sezoane!$A$32="","",Sezoane!C32) | C31: =IF(Sezoane!$A$32="","",Sezoane!D32) | D31: =IF(Sezoane!$A$32="","",Sezoane!F32) | E31: =IF(Sezoane!$A$32="","",Sezoane!E32) | F31: =IF(Sezoane!$A$32="","",CEILING(IF(Platforme!$C$13=1,(((Sezoane!E32-Platforme!$B$8)*(1-(Platforme!$B$11+Platforme!$B$12-Platforme!$B$11*Platforme!$B$12))*1/(1+Platforme!$B$31))/(1-(Platforme!$C$11+Platforme!$C$12-Platforme!$C$11*Platforme!$C$12))+Platforme!$B$8)/(1-(Platforme!$C$14*Platforme!$C$15)),(((Sezoane!E32-Platforme!$B$8)*(1-(Platforme!$B$11+Platforme!$B$12-Platforme!$B$11*Platforme!$B$12))*1/(1+Platforme!$B$31))+Platforme!$B$8)/((1-(Platforme!$C$11+Platforme!$C$12-Platforme!$C$11*Platforme!$C$12))*(1-(Platforme!$C$14*Platforme!$C$15)))),Platforme!$C$16)) | G31: =IF(Sezoane!$A$32="","",IF(N(Sezoane!O32)=0,CEILING(IF(Platforme!$D$13=1,(((Sezoane!E32-Platforme!$B$8)*(1-(Platforme!$B$11+Platforme!$B$12-Platforme!$B$11*Platforme!$B$12))*1/(1+Platforme!$B$31))/(1-(Platforme!$D$11+Platforme!$D$12-Platforme!$D$11*Platforme!$D$12))+Platforme!$B$8)/(1-(Platforme!$D$14*Platforme!$D$15)),(((Sezoane!E32-Platforme!$B$8)*(1-(Platforme!$B$11+Platforme!$B$12-Platforme!$B$11*Platforme!$B$12))*1/(1+Platforme!$B$31))+Platforme!$B$8)/((1-(Platforme!$D$11+Platforme!$D$12-Platforme!$D$11*Platforme!$D$12))*(1-(Platforme!$D$14*Platforme!$D$15)))),Platforme!$D$16),MAX(CEILING(IF(Platforme!$D$13=1,(((Sezoane!E32-Platforme!$B$8)*(1-(Platforme!$B$11+Platforme!$B$12-Platforme!$B$11*Platforme!$B$12))*Platforme!$B$27*(1+Platforme!$B$31)/(1+Platforme!$B$31))/(1-(Platforme!$D$11+Platforme!$D$12-Platforme!$D$11*Platforme!$D$12))+Platforme!$B$8)/(1-(Platforme!$D$14*Platforme!$D$15)),(((Sezoane!E32-Platforme!$B$8)*(1-(Platforme!$B$11+Platforme!$B$12-Platforme!$B$11*Platforme!$B$12))*Platforme!$B$27*(1+Platforme!$B$31)/(1+Platforme!$B$31))+Platforme!$B$8)/((1-(Platforme!$D$11+Platforme!$D$12-Platforme!$D$11*Platforme!$D$12))*(1-(Platforme!$D$14*Platforme!$D$15)))),Platforme!$D$16),CEILING(CEILING(IF(Platforme!$D$13=1,(((Sezoane!E32-Platforme!$B$8)*(1-(Platforme!$B$11+Platforme!$B$12-Platforme!$B$11*Platforme!$B$12))*1/(1+Platforme!$B$31))/(1-(Platforme!$D$11+Platforme!$D$12-Platforme!$D$11*Platforme!$D$12))+Platforme!$B$8)/(1-(Platforme!$D$14*Platforme!$D$15)),(((Sezoane!E32-Platforme!$B$8)*(1-(Platforme!$B$11+Platforme!$B$12-Platforme!$B$11*Platforme!$B$12))*1/(1+Platforme!$B$31))+Platforme!$B$8)/((1-(Platforme!$D$11+Platforme!$D$12-Platforme!$D$11*Platforme!$D$12))*(1-(Platforme!$D$14*Platforme!$D$15)))),Platforme!$D$16)*(1-Platforme!$B$26)+Sezoane!O32*Platforme!$B$26,Platforme!$D$16)))) | H31: =IF(Sezoane!$A$32="","",CEILING(IF(Platforme!$E$13=1,(((Sezoane!E32-Platforme!$B$8)*(1-(Platforme!$B$11+Platforme!$B$12-Platforme!$B$11*Platforme!$B$12))*1/(1+Platforme!$B$31))/(1-(Platforme!$E$11+Platforme!$E$12-Platforme!$E$11*Platforme!$E$12))+Platforme!$B$8)/(1-(Platforme!$E$14*Platforme!$E$15)),(((Sezoane!E32-Platforme!$B$8)*(1-(Platforme!$B$11+Platforme!$B$12-Platforme!$B$11*Platforme!$B$12))*1/(1+Platforme!$B$31))+Platforme!$B$8)/((1-(Platforme!$E$11+Platforme!$E$12-Platforme!$E$11*Platforme!$E$12))*(1-(Platforme!$E$14*Platforme!$E$15)))),Platforme!$E$16)) | I31: =IF(Sezoane!$A$32="","",(Sezoane!E32-Platforme!$B$8)*(1-(Platforme!$B$11+Platforme!$B$12-Platforme!$B$11*Platforme!$B$12))) | J31: =IF(Sezoane!$A$32="","",F31*(1-Platforme!$C$14)) | K31: =IF(Sezoane!$A$32="","",1-E31/MIN(J31,G31,H31)) | L31: =IF(Sezoane!$A$32="","",IFERROR(INDEX('Date actuale'!$C$6:$C$40,MATCH(A31,'Date actuale'!$A$6:$A$40,0)),"")) | M31: =IF(Sezoane!$A$32="","",IFERROR(INDEX('Date actuale'!$D$6:$D$40,MATCH(A31,'Date actuale'!$A$6:$A$40,0)),"")) | N31: =IF(Sezoane!$A$32="","",IFERROR(INDEX('Date actuale'!$E$6:$E$40,MATCH(A31,'Date actuale'!$A$6:$A$40,0)),"")) | O31: =IF(Sezoane!$A$32="","",Sezoane!M32) | P31: =IF(OR(Sezoane!$A$32="",N(Sezoane!O32)=0),"",Sezoane!O32) | Q31: =IF(Sezoane!$A$32="","",IF(Platforme!$D$13=1,(G31*(1-Platforme!$D$14)-Platforme!$B$8)*(1-(Platforme!$D$11+Platforme!$D$12-Platforme!$D$11*Platforme!$D$12)),G31*(1-Platforme!$D$14)*(1-(Platforme!$D$11+Platforme!$D$12-Platforme!$D$11*Platforme!$D$12))-Platforme!$B$8)) | R31: =IF(Sezoane!$A$32="","",Q31/U31-1) | S31: =IF(Sezoane!$A$32="","",G31*(1-Platforme!$B$28)) | T31: =IF(Sezoane!$A$32="","",IF(Platforme!$D$13=1,(S31*(1-Platforme!$D$14)-Platforme!$B$8)*(1-(Platforme!$D$11+Platforme!$D$12-Platforme!$D$11*Platforme!$D$12)),S31*(1-Platforme!$D$14)*(1-(Platforme!$D$11+Platforme!$D$12-Platforme!$D$11*Platforme!$D$12))-Platforme!$B$8)) | U31: =IF(Sezoane!$A$32="","",I31/(1+Platforme!$B$31))
A32: =IF(Sezoane!$A$33="","",Sezoane!A33) | B32: =IF(Sezoane!$A$33="","",Sezoane!C33) | C32: =IF(Sezoane!$A$33="","",Sezoane!D33) | D32: =IF(Sezoane!$A$33="","",Sezoane!F33) | E32: =IF(Sezoane!$A$33="","",Sezoane!E33) | F32: =IF(Sezoane!$A$33="","",CEILING(IF(Platforme!$C$13=1,(((Sezoane!E33-Platforme!$B$8)*(1-(Platforme!$B$11+Platforme!$B$12-Platforme!$B$11*Platforme!$B$12))*1/(1+Platforme!$B$31))/(1-(Platforme!$C$11+Platforme!$C$12-Platforme!$C$11*Platforme!$C$12))+Platforme!$B$8)/(1-(Platforme!$C$14*Platforme!$C$15)),(((Sezoane!E33-Platforme!$B$8)*(1-(Platforme!$B$11+Platforme!$B$12-Platforme!$B$11*Platforme!$B$12))*1/(1+Platforme!$B$31))+Platforme!$B$8)/((1-(Platforme!$C$11+Platforme!$C$12-Platforme!$C$11*Platforme!$C$12))*(1-(Platforme!$C$14*Platforme!$C$15)))),Platforme!$C$16)) | G32: =IF(Sezoane!$A$33="","",IF(N(Sezoane!O33)=0,CEILING(IF(Platforme!$D$13=1,(((Sezoane!E33-Platforme!$B$8)*(1-(Platforme!$B$11+Platforme!$B$12-Platforme!$B$11*Platforme!$B$12))*1/(1+Platforme!$B$31))/(1-(Platforme!$D$11+Platforme!$D$12-Platforme!$D$11*Platforme!$D$12))+Platforme!$B$8)/(1-(Platforme!$D$14*Platforme!$D$15)),(((Sezoane!E33-Platforme!$B$8)*(1-(Platforme!$B$11+Platforme!$B$12-Platforme!$B$11*Platforme!$B$12))*1/(1+Platforme!$B$31))+Platforme!$B$8)/((1-(Platforme!$D$11+Platforme!$D$12-Platforme!$D$11*Platforme!$D$12))*(1-(Platforme!$D$14*Platforme!$D$15)))),Platforme!$D$16),MAX(CEILING(IF(Platforme!$D$13=1,(((Sezoane!E33-Platforme!$B$8)*(1-(Platforme!$B$11+Platforme!$B$12-Platforme!$B$11*Platforme!$B$12))*Platforme!$B$27*(1+Platforme!$B$31)/(1+Platforme!$B$31))/(1-(Platforme!$D$11+Platforme!$D$12-Platforme!$D$11*Platforme!$D$12))+Platforme!$B$8)/(1-(Platforme!$D$14*Platforme!$D$15)),(((Sezoane!E33-Platforme!$B$8)*(1-(Platforme!$B$11+Platforme!$B$12-Platforme!$B$11*Platforme!$B$12))*Platforme!$B$27*(1+Platforme!$B$31)/(1+Platforme!$B$31))+Platforme!$B$8)/((1-(Platforme!$D$11+Platforme!$D$12-Platforme!$D$11*Platforme!$D$12))*(1-(Platforme!$D$14*Platforme!$D$15)))),Platforme!$D$16),CEILING(CEILING(IF(Platforme!$D$13=1,(((Sezoane!E33-Platforme!$B$8)*(1-(Platforme!$B$11+Platforme!$B$12-Platforme!$B$11*Platforme!$B$12))*1/(1+Platforme!$B$31))/(1-(Platforme!$D$11+Platforme!$D$12-Platforme!$D$11*Platforme!$D$12))+Platforme!$B$8)/(1-(Platforme!$D$14*Platforme!$D$15)),(((Sezoane!E33-Platforme!$B$8)*(1-(Platforme!$B$11+Platforme!$B$12-Platforme!$B$11*Platforme!$B$12))*1/(1+Platforme!$B$31))+Platforme!$B$8)/((1-(Platforme!$D$11+Platforme!$D$12-Platforme!$D$11*Platforme!$D$12))*(1-(Platforme!$D$14*Platforme!$D$15)))),Platforme!$D$16)*(1-Platforme!$B$26)+Sezoane!O33*Platforme!$B$26,Platforme!$D$16)))) | H32: =IF(Sezoane!$A$33="","",CEILING(IF(Platforme!$E$13=1,(((Sezoane!E33-Platforme!$B$8)*(1-(Platforme!$B$11+Platforme!$B$12-Platforme!$B$11*Platforme!$B$12))*1/(1+Platforme!$B$31))/(1-(Platforme!$E$11+Platforme!$E$12-Platforme!$E$11*Platforme!$E$12))+Platforme!$B$8)/(1-(Platforme!$E$14*Platforme!$E$15)),(((Sezoane!E33-Platforme!$B$8)*(1-(Platforme!$B$11+Platforme!$B$12-Platforme!$B$11*Platforme!$B$12))*1/(1+Platforme!$B$31))+Platforme!$B$8)/((1-(Platforme!$E$11+Platforme!$E$12-Platforme!$E$11*Platforme!$E$12))*(1-(Platforme!$E$14*Platforme!$E$15)))),Platforme!$E$16)) | I32: =IF(Sezoane!$A$33="","",(Sezoane!E33-Platforme!$B$8)*(1-(Platforme!$B$11+Platforme!$B$12-Platforme!$B$11*Platforme!$B$12))) | J32: =IF(Sezoane!$A$33="","",F32*(1-Platforme!$C$14)) | K32: =IF(Sezoane!$A$33="","",1-E32/MIN(J32,G32,H32)) | L32: =IF(Sezoane!$A$33="","",IFERROR(INDEX('Date actuale'!$C$6:$C$40,MATCH(A32,'Date actuale'!$A$6:$A$40,0)),"")) | M32: =IF(Sezoane!$A$33="","",IFERROR(INDEX('Date actuale'!$D$6:$D$40,MATCH(A32,'Date actuale'!$A$6:$A$40,0)),"")) | N32: =IF(Sezoane!$A$33="","",IFERROR(INDEX('Date actuale'!$E$6:$E$40,MATCH(A32,'Date actuale'!$A$6:$A$40,0)),"")) | O32: =IF(Sezoane!$A$33="","",Sezoane!M33) | P32: =IF(OR(Sezoane!$A$33="",N(Sezoane!O33)=0),"",Sezoane!O33) | Q32: =IF(Sezoane!$A$33="","",IF(Platforme!$D$13=1,(G32*(1-Platforme!$D$14)-Platforme!$B$8)*(1-(Platforme!$D$11+Platforme!$D$12-Platforme!$D$11*Platforme!$D$12)),G32*(1-Platforme!$D$14)*(1-(Platforme!$D$11+Platforme!$D$12-Platforme!$D$11*Platforme!$D$12))-Platforme!$B$8)) | R32: =IF(Sezoane!$A$33="","",Q32/U32-1) | S32: =IF(Sezoane!$A$33="","",G32*(1-Platforme!$B$28)) | T32: =IF(Sezoane!$A$33="","",IF(Platforme!$D$13=1,(S32*(1-Platforme!$D$14)-Platforme!$B$8)*(1-(Platforme!$D$11+Platforme!$D$12-Platforme!$D$11*Platforme!$D$12)),S32*(1-Platforme!$D$14)*(1-(Platforme!$D$11+Platforme!$D$12-Platforme!$D$11*Platforme!$D$12))-Platforme!$B$8)) | U32: =IF(Sezoane!$A$33="","",I32/(1+Platforme!$B$31))
A33: =IF(Sezoane!$A$34="","",Sezoane!A34) | B33: =IF(Sezoane!$A$34="","",Sezoane!C34) | C33: =IF(Sezoane!$A$34="","",Sezoane!D34) | D33: =IF(Sezoane!$A$34="","",Sezoane!F34) | E33: =IF(Sezoane!$A$34="","",Sezoane!E34) | F33: =IF(Sezoane!$A$34="","",CEILING(IF(Platforme!$C$13=1,(((Sezoane!E34-Platforme!$B$8)*(1-(Platforme!$B$11+Platforme!$B$12-Platforme!$B$11*Platforme!$B$12))*1/(1+Platforme!$B$31))/(1-(Platforme!$C$11+Platforme!$C$12-Platforme!$C$11*Platforme!$C$12))+Platforme!$B$8)/(1-(Platforme!$C$14*Platforme!$C$15)),(((Sezoane!E34-Platforme!$B$8)*(1-(Platforme!$B$11+Platforme!$B$12-Platforme!$B$11*Platforme!$B$12))*1/(1+Platforme!$B$31))+Platforme!$B$8)/((1-(Platforme!$C$11+Platforme!$C$12-Platforme!$C$11*Platforme!$C$12))*(1-(Platforme!$C$14*Platforme!$C$15)))),Platforme!$C$16)) | G33: =IF(Sezoane!$A$34="","",IF(N(Sezoane!O34)=0,CEILING(IF(Platforme!$D$13=1,(((Sezoane!E34-Platforme!$B$8)*(1-(Platforme!$B$11+Platforme!$B$12-Platforme!$B$11*Platforme!$B$12))*1/(1+Platforme!$B$31))/(1-(Platforme!$D$11+Platforme!$D$12-Platforme!$D$11*Platforme!$D$12))+Platforme!$B$8)/(1-(Platforme!$D$14*Platforme!$D$15)),(((Sezoane!E34-Platforme!$B$8)*(1-(Platforme!$B$11+Platforme!$B$12-Platforme!$B$11*Platforme!$B$12))*1/(1+Platforme!$B$31))+Platforme!$B$8)/((1-(Platforme!$D$11+Platforme!$D$12-Platforme!$D$11*Platforme!$D$12))*(1-(Platforme!$D$14*Platforme!$D$15)))),Platforme!$D$16),MAX(CEILING(IF(Platforme!$D$13=1,(((Sezoane!E34-Platforme!$B$8)*(1-(Platforme!$B$11+Platforme!$B$12-Platforme!$B$11*Platforme!$B$12))*Platforme!$B$27*(1+Platforme!$B$31)/(1+Platforme!$B$31))/(1-(Platforme!$D$11+Platforme!$D$12-Platforme!$D$11*Platforme!$D$12))+Platforme!$B$8)/(1-(Platforme!$D$14*Platforme!$D$15)),(((Sezoane!E34-Platforme!$B$8)*(1-(Platforme!$B$11+Platforme!$B$12-Platforme!$B$11*Platforme!$B$12))*Platforme!$B$27*(1+Platforme!$B$31)/(1+Platforme!$B$31))+Platforme!$B$8)/((1-(Platforme!$D$11+Platforme!$D$12-Platforme!$D$11*Platforme!$D$12))*(1-(Platforme!$D$14*Platforme!$D$15)))),Platforme!$D$16),CEILING(CEILING(IF(Platforme!$D$13=1,(((Sezoane!E34-Platforme!$B$8)*(1-(Platforme!$B$11+Platforme!$B$12-Platforme!$B$11*Platforme!$B$12))*1/(1+Platforme!$B$31))/(1-(Platforme!$D$11+Platforme!$D$12-Platforme!$D$11*Platforme!$D$12))+Platforme!$B$8)/(1-(Platforme!$D$14*Platforme!$D$15)),(((Sezoane!E34-Platforme!$B$8)*(1-(Platforme!$B$11+Platforme!$B$12-Platforme!$B$11*Platforme!$B$12))*1/(1+Platforme!$B$31))+Platforme!$B$8)/((1-(Platforme!$D$11+Platforme!$D$12-Platforme!$D$11*Platforme!$D$12))*(1-(Platforme!$D$14*Platforme!$D$15)))),Platforme!$D$16)*(1-Platforme!$B$26)+Sezoane!O34*Platforme!$B$26,Platforme!$D$16)))) | H33: =IF(Sezoane!$A$34="","",CEILING(IF(Platforme!$E$13=1,(((Sezoane!E34-Platforme!$B$8)*(1-(Platforme!$B$11+Platforme!$B$12-Platforme!$B$11*Platforme!$B$12))*1/(1+Platforme!$B$31))/(1-(Platforme!$E$11+Platforme!$E$12-Platforme!$E$11*Platforme!$E$12))+Platforme!$B$8)/(1-(Platforme!$E$14*Platforme!$E$15)),(((Sezoane!E34-Platforme!$B$8)*(1-(Platforme!$B$11+Platforme!$B$12-Platforme!$B$11*Platforme!$B$12))*1/(1+Platforme!$B$31))+Platforme!$B$8)/((1-(Platforme!$E$11+Platforme!$E$12-Platforme!$E$11*Platforme!$E$12))*(1-(Platforme!$E$14*Platforme!$E$15)))),Platforme!$E$16)) | I33: =IF(Sezoane!$A$34="","",(Sezoane!E34-Platforme!$B$8)*(1-(Platforme!$B$11+Platforme!$B$12-Platforme!$B$11*Platforme!$B$12))) | J33: =IF(Sezoane!$A$34="","",F33*(1-Platforme!$C$14)) | K33: =IF(Sezoane!$A$34="","",1-E33/MIN(J33,G33,H33)) | L33: =IF(Sezoane!$A$34="","",IFERROR(INDEX('Date actuale'!$C$6:$C$40,MATCH(A33,'Date actuale'!$A$6:$A$40,0)),"")) | M33: =IF(Sezoane!$A$34="","",IFERROR(INDEX('Date actuale'!$D$6:$D$40,MATCH(A33,'Date actuale'!$A$6:$A$40,0)),"")) | N33: =IF(Sezoane!$A$34="","",IFERROR(INDEX('Date actuale'!$E$6:$E$40,MATCH(A33,'Date actuale'!$A$6:$A$40,0)),"")) | O33: =IF(Sezoane!$A$34="","",Sezoane!M34) | P33: =IF(OR(Sezoane!$A$34="",N(Sezoane!O34)=0),"",Sezoane!O34) | Q33: =IF(Sezoane!$A$34="","",IF(Platforme!$D$13=1,(G33*(1-Platforme!$D$14)-Platforme!$B$8)*(1-(Platforme!$D$11+Platforme!$D$12-Platforme!$D$11*Platforme!$D$12)),G33*(1-Platforme!$D$14)*(1-(Platforme!$D$11+Platforme!$D$12-Platforme!$D$11*Platforme!$D$12))-Platforme!$B$8)) | R33: =IF(Sezoane!$A$34="","",Q33/U33-1) | S33: =IF(Sezoane!$A$34="","",G33*(1-Platforme!$B$28)) | T33: =IF(Sezoane!$A$34="","",IF(Platforme!$D$13=1,(S33*(1-Platforme!$D$14)-Platforme!$B$8)*(1-(Platforme!$D$11+Platforme!$D$12-Platforme!$D$11*Platforme!$D$12)),S33*(1-Platforme!$D$14)*(1-(Platforme!$D$11+Platforme!$D$12-Platforme!$D$11*Platforme!$D$12))-Platforme!$B$8)) | U33: =IF(Sezoane!$A$34="","",I33/(1+Platforme!$B$31))
A34: =IF(Sezoane!$A$35="","",Sezoane!A35) | B34: =IF(Sezoane!$A$35="","",Sezoane!C35) | C34: =IF(Sezoane!$A$35="","",Sezoane!D35) | D34: =IF(Sezoane!$A$35="","",Sezoane!F35) | E34: =IF(Sezoane!$A$35="","",Sezoane!E35) | F34: =IF(Sezoane!$A$35="","",CEILING(IF(Platforme!$C$13=1,(((Sezoane!E35-Platforme!$B$8)*(1-(Platforme!$B$11+Platforme!$B$12-Platforme!$B$11*Platforme!$B$12))*1/(1+Platforme!$B$31))/(1-(Platforme!$C$11+Platforme!$C$12-Platforme!$C$11*Platforme!$C$12))+Platforme!$B$8)/(1-(Platforme!$C$14*Platforme!$C$15)),(((Sezoane!E35-Platforme!$B$8)*(1-(Platforme!$B$11+Platforme!$B$12-Platforme!$B$11*Platforme!$B$12))*1/(1+Platforme!$B$31))+Platforme!$B$8)/((1-(Platforme!$C$11+Platforme!$C$12-Platforme!$C$11*Platforme!$C$12))*(1-(Platforme!$C$14*Platforme!$C$15)))),Platforme!$C$16)) | G34: =IF(Sezoane!$A$35="","",IF(N(Sezoane!O35)=0,CEILING(IF(Platforme!$D$13=1,(((Sezoane!E35-Platforme!$B$8)*(1-(Platforme!$B$11+Platforme!$B$12-Platforme!$B$11*Platforme!$B$12))*1/(1+Platforme!$B$31))/(1-(Platforme!$D$11+Platforme!$D$12-Platforme!$D$11*Platforme!$D$12))+Platforme!$B$8)/(1-(Platforme!$D$14*Platforme!$D$15)),(((Sezoane!E35-Platforme!$B$8)*(1-(Platforme!$B$11+Platforme!$B$12-Platforme!$B$11*Platforme!$B$12))*1/(1+Platforme!$B$31))+Platforme!$B$8)/((1-(Platforme!$D$11+Platforme!$D$12-Platforme!$D$11*Platforme!$D$12))*(1-(Platforme!$D$14*Platforme!$D$15)))),Platforme!$D$16),MAX(CEILING(IF(Platforme!$D$13=1,(((Sezoane!E35-Platforme!$B$8)*(1-(Platforme!$B$11+Platforme!$B$12-Platforme!$B$11*Platforme!$B$12))*Platforme!$B$27*(1+Platforme!$B$31)/(1+Platforme!$B$31))/(1-(Platforme!$D$11+Platforme!$D$12-Platforme!$D$11*Platforme!$D$12))+Platforme!$B$8)/(1-(Platforme!$D$14*Platforme!$D$15)),(((Sezoane!E35-Platforme!$B$8)*(1-(Platforme!$B$11+Platforme!$B$12-Platforme!$B$11*Platforme!$B$12))*Platforme!$B$27*(1+Platforme!$B$31)/(1+Platforme!$B$31))+Platforme!$B$8)/((1-(Platforme!$D$11+Platforme!$D$12-Platforme!$D$11*Platforme!$D$12))*(1-(Platforme!$D$14*Platforme!$D$15)))),Platforme!$D$16),CEILING(CEILING(IF(Platforme!$D$13=1,(((Sezoane!E35-Platforme!$B$8)*(1-(Platforme!$B$11+Platforme!$B$12-Platforme!$B$11*Platforme!$B$12))*1/(1+Platforme!$B$31))/(1-(Platforme!$D$11+Platforme!$D$12-Platforme!$D$11*Platforme!$D$12))+Platforme!$B$8)/(1-(Platforme!$D$14*Platforme!$D$15)),(((Sezoane!E35-Platforme!$B$8)*(1-(Platforme!$B$11+Platforme!$B$12-Platforme!$B$11*Platforme!$B$12))*1/(1+Platforme!$B$31))+Platforme!$B$8)/((1-(Platforme!$D$11+Platforme!$D$12-Platforme!$D$11*Platforme!$D$12))*(1-(Platforme!$D$14*Platforme!$D$15)))),Platforme!$D$16)*(1-Platforme!$B$26)+Sezoane!O35*Platforme!$B$26,Platforme!$D$16)))) | H34: =IF(Sezoane!$A$35="","",CEILING(IF(Platforme!$E$13=1,(((Sezoane!E35-Platforme!$B$8)*(1-(Platforme!$B$11+Platforme!$B$12-Platforme!$B$11*Platforme!$B$12))*1/(1+Platforme!$B$31))/(1-(Platforme!$E$11+Platforme!$E$12-Platforme!$E$11*Platforme!$E$12))+Platforme!$B$8)/(1-(Platforme!$E$14*Platforme!$E$15)),(((Sezoane!E35-Platforme!$B$8)*(1-(Platforme!$B$11+Platforme!$B$12-Platforme!$B$11*Platforme!$B$12))*1/(1+Platforme!$B$31))+Platforme!$B$8)/((1-(Platforme!$E$11+Platforme!$E$12-Platforme!$E$11*Platforme!$E$12))*(1-(Platforme!$E$14*Platforme!$E$15)))),Platforme!$E$16)) | I34: =IF(Sezoane!$A$35="","",(Sezoane!E35-Platforme!$B$8)*(1-(Platforme!$B$11+Platforme!$B$12-Platforme!$B$11*Platforme!$B$12))) | J34: =IF(Sezoane!$A$35="","",F34*(1-Platforme!$C$14)) | K34: =IF(Sezoane!$A$35="","",1-E34/MIN(J34,G34,H34)) | L34: =IF(Sezoane!$A$35="","",IFERROR(INDEX('Date actuale'!$C$6:$C$40,MATCH(A34,'Date actuale'!$A$6:$A$40,0)),"")) | M34: =IF(Sezoane!$A$35="","",IFERROR(INDEX('Date actuale'!$D$6:$D$40,MATCH(A34,'Date actuale'!$A$6:$A$40,0)),"")) | N34: =IF(Sezoane!$A$35="","",IFERROR(INDEX('Date actuale'!$E$6:$E$40,MATCH(A34,'Date actuale'!$A$6:$A$40,0)),"")) | O34: =IF(Sezoane!$A$35="","",Sezoane!M35) | P34: =IF(OR(Sezoane!$A$35="",N(Sezoane!O35)=0),"",Sezoane!O35) | Q34: =IF(Sezoane!$A$35="","",IF(Platforme!$D$13=1,(G34*(1-Platforme!$D$14)-Platforme!$B$8)*(1-(Platforme!$D$11+Platforme!$D$12-Platforme!$D$11*Platforme!$D$12)),G34*(1-Platforme!$D$14)*(1-(Platforme!$D$11+Platforme!$D$12-Platforme!$D$11*Platforme!$D$12))-Platforme!$B$8)) | R34: =IF(Sezoane!$A$35="","",Q34/U34-1) | S34: =IF(Sezoane!$A$35="","",G34*(1-Platforme!$B$28)) | T34: =IF(Sezoane!$A$35="","",IF(Platforme!$D$13=1,(S34*(1-Platforme!$D$14)-Platforme!$B$8)*(1-(Platforme!$D$11+Platforme!$D$12-Platforme!$D$11*Platforme!$D$12)),S34*(1-Platforme!$D$14)*(1-(Platforme!$D$11+Platforme!$D$12-Platforme!$D$11*Platforme!$D$12))-Platforme!$B$8)) | U34: =IF(Sezoane!$A$35="","",I34/(1+Platforme!$B$31))
A35: =IF(Sezoane!$A$36="","",Sezoane!A36) | B35: =IF(Sezoane!$A$36="","",Sezoane!C36) | C35: =IF(Sezoane!$A$36="","",Sezoane!D36) | D35: =IF(Sezoane!$A$36="","",Sezoane!F36) | E35: =IF(Sezoane!$A$36="","",Sezoane!E36) | F35: =IF(Sezoane!$A$36="","",CEILING(IF(Platforme!$C$13=1,(((Sezoane!E36-Platforme!$B$8)*(1-(Platforme!$B$11+Platforme!$B$12-Platforme!$B$11*Platforme!$B$12))*1/(1+Platforme!$B$31))/(1-(Platforme!$C$11+Platforme!$C$12-Platforme!$C$11*Platforme!$C$12))+Platforme!$B$8)/(1-(Platforme!$C$14*Platforme!$C$15)),(((Sezoane!E36-Platforme!$B$8)*(1-(Platforme!$B$11+Platforme!$B$12-Platforme!$B$11*Platforme!$B$12))*1/(1+Platforme!$B$31))+Platforme!$B$8)/((1-(Platforme!$C$11+Platforme!$C$12-Platforme!$C$11*Platforme!$C$12))*(1-(Platforme!$C$14*Platforme!$C$15)))),Platforme!$C$16)) | G35: =IF(Sezoane!$A$36="","",IF(N(Sezoane!O36)=0,CEILING(IF(Platforme!$D$13=1,(((Sezoane!E36-Platforme!$B$8)*(1-(Platforme!$B$11+Platforme!$B$12-Platforme!$B$11*Platforme!$B$12))*1/(1+Platforme!$B$31))/(1-(Platforme!$D$11+Platforme!$D$12-Platforme!$D$11*Platforme!$D$12))+Platforme!$B$8)/(1-(Platforme!$D$14*Platforme!$D$15)),(((Sezoane!E36-Platforme!$B$8)*(1-(Platforme!$B$11+Platforme!$B$12-Platforme!$B$11*Platforme!$B$12))*1/(1+Platforme!$B$31))+Platforme!$B$8)/((1-(Platforme!$D$11+Platforme!$D$12-Platforme!$D$11*Platforme!$D$12))*(1-(Platforme!$D$14*Platforme!$D$15)))),Platforme!$D$16),MAX(CEILING(IF(Platforme!$D$13=1,(((Sezoane!E36-Platforme!$B$8)*(1-(Platforme!$B$11+Platforme!$B$12-Platforme!$B$11*Platforme!$B$12))*Platforme!$B$27*(1+Platforme!$B$31)/(1+Platforme!$B$31))/(1-(Platforme!$D$11+Platforme!$D$12-Platforme!$D$11*Platforme!$D$12))+Platforme!$B$8)/(1-(Platforme!$D$14*Platforme!$D$15)),(((Sezoane!E36-Platforme!$B$8)*(1-(Platforme!$B$11+Platforme!$B$12-Platforme!$B$11*Platforme!$B$12))*Platforme!$B$27*(1+Platforme!$B$31)/(1+Platforme!$B$31))+Platforme!$B$8)/((1-(Platforme!$D$11+Platforme!$D$12-Platforme!$D$11*Platforme!$D$12))*(1-(Platforme!$D$14*Platforme!$D$15)))),Platforme!$D$16),CEILING(CEILING(IF(Platforme!$D$13=1,(((Sezoane!E36-Platforme!$B$8)*(1-(Platforme!$B$11+Platforme!$B$12-Platforme!$B$11*Platforme!$B$12))*1/(1+Platforme!$B$31))/(1-(Platforme!$D$11+Platforme!$D$12-Platforme!$D$11*Platforme!$D$12))+Platforme!$B$8)/(1-(Platforme!$D$14*Platforme!$D$15)),(((Sezoane!E36-Platforme!$B$8)*(1-(Platforme!$B$11+Platforme!$B$12-Platforme!$B$11*Platforme!$B$12))*1/(1+Platforme!$B$31))+Platforme!$B$8)/((1-(Platforme!$D$11+Platforme!$D$12-Platforme!$D$11*Platforme!$D$12))*(1-(Platforme!$D$14*Platforme!$D$15)))),Platforme!$D$16)*(1-Platforme!$B$26)+Sezoane!O36*Platforme!$B$26,Platforme!$D$16)))) | H35: =IF(Sezoane!$A$36="","",CEILING(IF(Platforme!$E$13=1,(((Sezoane!E36-Platforme!$B$8)*(1-(Platforme!$B$11+Platforme!$B$12-Platforme!$B$11*Platforme!$B$12))*1/(1+Platforme!$B$31))/(1-(Platforme!$E$11+Platforme!$E$12-Platforme!$E$11*Platforme!$E$12))+Platforme!$B$8)/(1-(Platforme!$E$14*Platforme!$E$15)),(((Sezoane!E36-Platforme!$B$8)*(1-(Platforme!$B$11+Platforme!$B$12-Platforme!$B$11*Platforme!$B$12))*1/(1+Platforme!$B$31))+Platforme!$B$8)/((1-(Platforme!$E$11+Platforme!$E$12-Platforme!$E$11*Platforme!$E$12))*(1-(Platforme!$E$14*Platforme!$E$15)))),Platforme!$E$16)) | I35: =IF(Sezoane!$A$36="","",(Sezoane!E36-Platforme!$B$8)*(1-(Platforme!$B$11+Platforme!$B$12-Platforme!$B$11*Platforme!$B$12))) | J35: =IF(Sezoane!$A$36="","",F35*(1-Platforme!$C$14)) | K35: =IF(Sezoane!$A$36="","",1-E35/MIN(J35,G35,H35)) | L35: =IF(Sezoane!$A$36="","",IFERROR(INDEX('Date actuale'!$C$6:$C$40,MATCH(A35,'Date actuale'!$A$6:$A$40,0)),"")) | M35: =IF(Sezoane!$A$36="","",IFERROR(INDEX('Date actuale'!$D$6:$D$40,MATCH(A35,'Date actuale'!$A$6:$A$40,0)),"")) | N35: =IF(Sezoane!$A$36="","",IFERROR(INDEX('Date actuale'!$E$6:$E$40,MATCH(A35,'Date actuale'!$A$6:$A$40,0)),"")) | O35: =IF(Sezoane!$A$36="","",Sezoane!M36) | P35: =IF(OR(Sezoane!$A$36="",N(Sezoane!O36)=0),"",Sezoane!O36) | Q35: =IF(Sezoane!$A$36="","",IF(Platforme!$D$13=1,(G35*(1-Platforme!$D$14)-Platforme!$B$8)*(1-(Platforme!$D$11+Platforme!$D$12-Platforme!$D$11*Platforme!$D$12)),G35*(1-Platforme!$D$14)*(1-(Platforme!$D$11+Platforme!$D$12-Platforme!$D$11*Platforme!$D$12))-Platforme!$B$8)) | R35: =IF(Sezoane!$A$36="","",Q35/U35-1) | S35: =IF(Sezoane!$A$36="","",G35*(1-Platforme!$B$28)) | T35: =IF(Sezoane!$A$36="","",IF(Platforme!$D$13=1,(S35*(1-Platforme!$D$14)-Platforme!$B$8)*(1-(Platforme!$D$11+Platforme!$D$12-Platforme!$D$11*Platforme!$D$12)),S35*(1-Platforme!$D$14)*(1-(Platforme!$D$11+Platforme!$D$12-Platforme!$D$11*Platforme!$D$12))-Platforme!$B$8)) | U35: =IF(Sezoane!$A$36="","",I35/(1+Platforme!$B$31))
A36: =IF(Sezoane!$A$37="","",Sezoane!A37) | B36: =IF(Sezoane!$A$37="","",Sezoane!C37) | C36: =IF(Sezoane!$A$37="","",Sezoane!D37) | D36: =IF(Sezoane!$A$37="","",Sezoane!F37) | E36: =IF(Sezoane!$A$37="","",Sezoane!E37) | F36: =IF(Sezoane!$A$37="","",CEILING(IF(Platforme!$C$13=1,(((Sezoane!E37-Platforme!$B$8)*(1-(Platforme!$B$11+Platforme!$B$12-Platforme!$B$11*Platforme!$B$12))*1/(1+Platforme!$B$31))/(1-(Platforme!$C$11+Platforme!$C$12-Platforme!$C$11*Platforme!$C$12))+Platforme!$B$8)/(1-(Platforme!$C$14*Platforme!$C$15)),(((Sezoane!E37-Platforme!$B$8)*(1-(Platforme!$B$11+Platforme!$B$12-Platforme!$B$11*Platforme!$B$12))*1/(1+Platforme!$B$31))+Platforme!$B$8)/((1-(Platforme!$C$11+Platforme!$C$12-Platforme!$C$11*Platforme!$C$12))*(1-(Platforme!$C$14*Platforme!$C$15)))),Platforme!$C$16)) | G36: =IF(Sezoane!$A$37="","",IF(N(Sezoane!O37)=0,CEILING(IF(Platforme!$D$13=1,(((Sezoane!E37-Platforme!$B$8)*(1-(Platforme!$B$11+Platforme!$B$12-Platforme!$B$11*Platforme!$B$12))*1/(1+Platforme!$B$31))/(1-(Platforme!$D$11+Platforme!$D$12-Platforme!$D$11*Platforme!$D$12))+Platforme!$B$8)/(1-(Platforme!$D$14*Platforme!$D$15)),(((Sezoane!E37-Platforme!$B$8)*(1-(Platforme!$B$11+Platforme!$B$12-Platforme!$B$11*Platforme!$B$12))*1/(1+Platforme!$B$31))+Platforme!$B$8)/((1-(Platforme!$D$11+Platforme!$D$12-Platforme!$D$11*Platforme!$D$12))*(1-(Platforme!$D$14*Platforme!$D$15)))),Platforme!$D$16),MAX(CEILING(IF(Platforme!$D$13=1,(((Sezoane!E37-Platforme!$B$8)*(1-(Platforme!$B$11+Platforme!$B$12-Platforme!$B$11*Platforme!$B$12))*Platforme!$B$27*(1+Platforme!$B$31)/(1+Platforme!$B$31))/(1-(Platforme!$D$11+Platforme!$D$12-Platforme!$D$11*Platforme!$D$12))+Platforme!$B$8)/(1-(Platforme!$D$14*Platforme!$D$15)),(((Sezoane!E37-Platforme!$B$8)*(1-(Platforme!$B$11+Platforme!$B$12-Platforme!$B$11*Platforme!$B$12))*Platforme!$B$27*(1+Platforme!$B$31)/(1+Platforme!$B$31))+Platforme!$B$8)/((1-(Platforme!$D$11+Platforme!$D$12-Platforme!$D$11*Platforme!$D$12))*(1-(Platforme!$D$14*Platforme!$D$15)))),Platforme!$D$16),CEILING(CEILING(IF(Platforme!$D$13=1,(((Sezoane!E37-Platforme!$B$8)*(1-(Platforme!$B$11+Platforme!$B$12-Platforme!$B$11*Platforme!$B$12))*1/(1+Platforme!$B$31))/(1-(Platforme!$D$11+Platforme!$D$12-Platforme!$D$11*Platforme!$D$12))+Platforme!$B$8)/(1-(Platforme!$D$14*Platforme!$D$15)),(((Sezoane!E37-Platforme!$B$8)*(1-(Platforme!$B$11+Platforme!$B$12-Platforme!$B$11*Platforme!$B$12))*1/(1+Platforme!$B$31))+Platforme!$B$8)/((1-(Platforme!$D$11+Platforme!$D$12-Platforme!$D$11*Platforme!$D$12))*(1-(Platforme!$D$14*Platforme!$D$15)))),Platforme!$D$16)*(1-Platforme!$B$26)+Sezoane!O37*Platforme!$B$26,Platforme!$D$16)))) | H36: =IF(Sezoane!$A$37="","",CEILING(IF(Platforme!$E$13=1,(((Sezoane!E37-Platforme!$B$8)*(1-(Platforme!$B$11+Platforme!$B$12-Platforme!$B$11*Platforme!$B$12))*1/(1+Platforme!$B$31))/(1-(Platforme!$E$11+Platforme!$E$12-Platforme!$E$11*Platforme!$E$12))+Platforme!$B$8)/(1-(Platforme!$E$14*Platforme!$E$15)),(((Sezoane!E37-Platforme!$B$8)*(1-(Platforme!$B$11+Platforme!$B$12-Platforme!$B$11*Platforme!$B$12))*1/(1+Platforme!$B$31))+Platforme!$B$8)/((1-(Platforme!$E$11+Platforme!$E$12-Platforme!$E$11*Platforme!$E$12))*(1-(Platforme!$E$14*Platforme!$E$15)))),Platforme!$E$16)) | I36: =IF(Sezoane!$A$37="","",(Sezoane!E37-Platforme!$B$8)*(1-(Platforme!$B$11+Platforme!$B$12-Platforme!$B$11*Platforme!$B$12))) | J36: =IF(Sezoane!$A$37="","",F36*(1-Platforme!$C$14)) | K36: =IF(Sezoane!$A$37="","",1-E36/MIN(J36,G36,H36)) | L36: =IF(Sezoane!$A$37="","",IFERROR(INDEX('Date actuale'!$C$6:$C$40,MATCH(A36,'Date actuale'!$A$6:$A$40,0)),"")) | M36: =IF(Sezoane!$A$37="","",IFERROR(INDEX('Date actuale'!$D$6:$D$40,MATCH(A36,'Date actuale'!$A$6:$A$40,0)),"")) | N36: =IF(Sezoane!$A$37="","",IFERROR(INDEX('Date actuale'!$E$6:$E$40,MATCH(A36,'Date actuale'!$A$6:$A$40,0)),"")) | O36: =IF(Sezoane!$A$37="","",Sezoane!M37) | P36: =IF(OR(Sezoane!$A$37="",N(Sezoane!O37)=0),"",Sezoane!O37) | Q36: =IF(Sezoane!$A$37="","",IF(Platforme!$D$13=1,(G36*(1-Platforme!$D$14)-Platforme!$B$8)*(1-(Platforme!$D$11+Platforme!$D$12-Platforme!$D$11*Platforme!$D$12)),G36*(1-Platforme!$D$14)*(1-(Platforme!$D$11+Platforme!$D$12-Platforme!$D$11*Platforme!$D$12))-Platforme!$B$8)) | R36: =IF(Sezoane!$A$37="","",Q36/U36-1) | S36: =IF(Sezoane!$A$37="","",G36*(1-Platforme!$B$28)) | T36: =IF(Sezoane!$A$37="","",IF(Platforme!$D$13=1,(S36*(1-Platforme!$D$14)-Platforme!$B$8)*(1-(Platforme!$D$11+Platforme!$D$12-Platforme!$D$11*Platforme!$D$12)),S36*(1-Platforme!$D$14)*(1-(Platforme!$D$11+Platforme!$D$12-Platforme!$D$11*Platforme!$D$12))-Platforme!$B$8)) | U36: =IF(Sezoane!$A$37="","",I36/(1+Platforme!$B$31))
A37: =IF(Sezoane!$A$38="","",Sezoane!A38) | B37: =IF(Sezoane!$A$38="","",Sezoane!C38) | C37: =IF(Sezoane!$A$38="","",Sezoane!D38) | D37: =IF(Sezoane!$A$38="","",Sezoane!F38) | E37: =IF(Sezoane!$A$38="","",Sezoane!E38) | F37: =IF(Sezoane!$A$38="","",CEILING(IF(Platforme!$C$13=1,(((Sezoane!E38-Platforme!$B$8)*(1-(Platforme!$B$11+Platforme!$B$12-Platforme!$B$11*Platforme!$B$12))*1/(1+Platforme!$B$31))/(1-(Platforme!$C$11+Platforme!$C$12-Platforme!$C$11*Platforme!$C$12))+Platforme!$B$8)/(1-(Platforme!$C$14*Platforme!$C$15)),(((Sezoane!E38-Platforme!$B$8)*(1-(Platforme!$B$11+Platforme!$B$12-Platforme!$B$11*Platforme!$B$12))*1/(1+Platforme!$B$31))+Platforme!$B$8)/((1-(Platforme!$C$11+Platforme!$C$12-Platforme!$C$11*Platforme!$C$12))*(1-(Platforme!$C$14*Platforme!$C$15)))),Platforme!$C$16)) | G37: =IF(Sezoane!$A$38="","",IF(N(Sezoane!O38)=0,CEILING(IF(Platforme!$D$13=1,(((Sezoane!E38-Platforme!$B$8)*(1-(Platforme!$B$11+Platforme!$B$12-Platforme!$B$11*Platforme!$B$12))*1/(1+Platforme!$B$31))/(1-(Platforme!$D$11+Platforme!$D$12-Platforme!$D$11*Platforme!$D$12))+Platforme!$B$8)/(1-(Platforme!$D$14*Platforme!$D$15)),(((Sezoane!E38-Platforme!$B$8)*(1-(Platforme!$B$11+Platforme!$B$12-Platforme!$B$11*Platforme!$B$12))*1/(1+Platforme!$B$31))+Platforme!$B$8)/((1-(Platforme!$D$11+Platforme!$D$12-Platforme!$D$11*Platforme!$D$12))*(1-(Platforme!$D$14*Platforme!$D$15)))),Platforme!$D$16),MAX(CEILING(IF(Platforme!$D$13=1,(((Sezoane!E38-Platforme!$B$8)*(1-(Platforme!$B$11+Platforme!$B$12-Platforme!$B$11*Platforme!$B$12))*Platforme!$B$27*(1+Platforme!$B$31)/(1+Platforme!$B$31))/(1-(Platforme!$D$11+Platforme!$D$12-Platforme!$D$11*Platforme!$D$12))+Platforme!$B$8)/(1-(Platforme!$D$14*Platforme!$D$15)),(((Sezoane!E38-Platforme!$B$8)*(1-(Platforme!$B$11+Platforme!$B$12-Platforme!$B$11*Platforme!$B$12))*Platforme!$B$27*(1+Platforme!$B$31)/(1+Platforme!$B$31))+Platforme!$B$8)/((1-(Platforme!$D$11+Platforme!$D$12-Platforme!$D$11*Platforme!$D$12))*(1-(Platforme!$D$14*Platforme!$D$15)))),Platforme!$D$16),CEILING(CEILING(IF(Platforme!$D$13=1,(((Sezoane!E38-Platforme!$B$8)*(1-(Platforme!$B$11+Platforme!$B$12-Platforme!$B$11*Platforme!$B$12))*1/(1+Platforme!$B$31))/(1-(Platforme!$D$11+Platforme!$D$12-Platforme!$D$11*Platforme!$D$12))+Platforme!$B$8)/(1-(Platforme!$D$14*Platforme!$D$15)),(((Sezoane!E38-Platforme!$B$8)*(1-(Platforme!$B$11+Platforme!$B$12-Platforme!$B$11*Platforme!$B$12))*1/(1+Platforme!$B$31))+Platforme!$B$8)/((1-(Platforme!$D$11+Platforme!$D$12-Platforme!$D$11*Platforme!$D$12))*(1-(Platforme!$D$14*Platforme!$D$15)))),Platforme!$D$16)*(1-Platforme!$B$26)+Sezoane!O38*Platforme!$B$26,Platforme!$D$16)))) | H37: =IF(Sezoane!$A$38="","",CEILING(IF(Platforme!$E$13=1,(((Sezoane!E38-Platforme!$B$8)*(1-(Platforme!$B$11+Platforme!$B$12-Platforme!$B$11*Platforme!$B$12))*1/(1+Platforme!$B$31))/(1-(Platforme!$E$11+Platforme!$E$12-Platforme!$E$11*Platforme!$E$12))+Platforme!$B$8)/(1-(Platforme!$E$14*Platforme!$E$15)),(((Sezoane!E38-Platforme!$B$8)*(1-(Platforme!$B$11+Platforme!$B$12-Platforme!$B$11*Platforme!$B$12))*1/(1+Platforme!$B$31))+Platforme!$B$8)/((1-(Platforme!$E$11+Platforme!$E$12-Platforme!$E$11*Platforme!$E$12))*(1-(Platforme!$E$14*Platforme!$E$15)))),Platforme!$E$16)) | I37: =IF(Sezoane!$A$38="","",(Sezoane!E38-Platforme!$B$8)*(1-(Platforme!$B$11+Platforme!$B$12-Platforme!$B$11*Platforme!$B$12))) | J37: =IF(Sezoane!$A$38="","",F37*(1-Platforme!$C$14)) | K37: =IF(Sezoane!$A$38="","",1-E37/MIN(J37,G37,H37)) | L37: =IF(Sezoane!$A$38="","",IFERROR(INDEX('Date actuale'!$C$6:$C$40,MATCH(A37,'Date actuale'!$A$6:$A$40,0)),"")) | M37: =IF(Sezoane!$A$38="","",IFERROR(INDEX('Date actuale'!$D$6:$D$40,MATCH(A37,'Date actuale'!$A$6:$A$40,0)),"")) | N37: =IF(Sezoane!$A$38="","",IFERROR(INDEX('Date actuale'!$E$6:$E$40,MATCH(A37,'Date actuale'!$A$6:$A$40,0)),"")) | O37: =IF(Sezoane!$A$38="","",Sezoane!M38) | P37: =IF(OR(Sezoane!$A$38="",N(Sezoane!O38)=0),"",Sezoane!O38) | Q37: =IF(Sezoane!$A$38="","",IF(Platforme!$D$13=1,(G37*(1-Platforme!$D$14)-Platforme!$B$8)*(1-(Platforme!$D$11+Platforme!$D$12-Platforme!$D$11*Platforme!$D$12)),G37*(1-Platforme!$D$14)*(1-(Platforme!$D$11+Platforme!$D$12-Platforme!$D$11*Platforme!$D$12))-Platforme!$B$8)) | R37: =IF(Sezoane!$A$38="","",Q37/U37-1) | S37: =IF(Sezoane!$A$38="","",G37*(1-Platforme!$B$28)) | T37: =IF(Sezoane!$A$38="","",IF(Platforme!$D$13=1,(S37*(1-Platforme!$D$14)-Platforme!$B$8)*(1-(Platforme!$D$11+Platforme!$D$12-Platforme!$D$11*Platforme!$D$12)),S37*(1-Platforme!$D$14)*(1-(Platforme!$D$11+Platforme!$D$12-Platforme!$D$11*Platforme!$D$12))-Platforme!$B$8)) | U37: =IF(Sezoane!$A$38="","",I37/(1+Platforme!$B$31))
A38: =IF(Sezoane!$A$39="","",Sezoane!A39) | B38: =IF(Sezoane!$A$39="","",Sezoane!C39) | C38: =IF(Sezoane!$A$39="","",Sezoane!D39) | D38: =IF(Sezoane!$A$39="","",Sezoane!F39) | E38: =IF(Sezoane!$A$39="","",Sezoane!E39) | F38: =IF(Sezoane!$A$39="","",CEILING(IF(Platforme!$C$13=1,(((Sezoane!E39-Platforme!$B$8)*(1-(Platforme!$B$11+Platforme!$B$12-Platforme!$B$11*Platforme!$B$12))*1/(1+Platforme!$B$31))/(1-(Platforme!$C$11+Platforme!$C$12-Platforme!$C$11*Platforme!$C$12))+Platforme!$B$8)/(1-(Platforme!$C$14*Platforme!$C$15)),(((Sezoane!E39-Platforme!$B$8)*(1-(Platforme!$B$11+Platforme!$B$12-Platforme!$B$11*Platforme!$B$12))*1/(1+Platforme!$B$31))+Platforme!$B$8)/((1-(Platforme!$C$11+Platforme!$C$12-Platforme!$C$11*Platforme!$C$12))*(1-(Platforme!$C$14*Platforme!$C$15)))),Platforme!$C$16)) | G38: =IF(Sezoane!$A$39="","",IF(N(Sezoane!O39)=0,CEILING(IF(Platforme!$D$13=1,(((Sezoane!E39-Platforme!$B$8)*(1-(Platforme!$B$11+Platforme!$B$12-Platforme!$B$11*Platforme!$B$12))*1/(1+Platforme!$B$31))/(1-(Platforme!$D$11+Platforme!$D$12-Platforme!$D$11*Platforme!$D$12))+Platforme!$B$8)/(1-(Platforme!$D$14*Platforme!$D$15)),(((Sezoane!E39-Platforme!$B$8)*(1-(Platforme!$B$11+Platforme!$B$12-Platforme!$B$11*Platforme!$B$12))*1/(1+Platforme!$B$31))+Platforme!$B$8)/((1-(Platforme!$D$11+Platforme!$D$12-Platforme!$D$11*Platforme!$D$12))*(1-(Platforme!$D$14*Platforme!$D$15)))),Platforme!$D$16),MAX(CEILING(IF(Platforme!$D$13=1,(((Sezoane!E39-Platforme!$B$8)*(1-(Platforme!$B$11+Platforme!$B$12-Platforme!$B$11*Platforme!$B$12))*Platforme!$B$27*(1+Platforme!$B$31)/(1+Platforme!$B$31))/(1-(Platforme!$D$11+Platforme!$D$12-Platforme!$D$11*Platforme!$D$12))+Platforme!$B$8)/(1-(Platforme!$D$14*Platforme!$D$15)),(((Sezoane!E39-Platforme!$B$8)*(1-(Platforme!$B$11+Platforme!$B$12-Platforme!$B$11*Platforme!$B$12))*Platforme!$B$27*(1+Platforme!$B$31)/(1+Platforme!$B$31))+Platforme!$B$8)/((1-(Platforme!$D$11+Platforme!$D$12-Platforme!$D$11*Platforme!$D$12))*(1-(Platforme!$D$14*Platforme!$D$15)))),Platforme!$D$16),CEILING(CEILING(IF(Platforme!$D$13=1,(((Sezoane!E39-Platforme!$B$8)*(1-(Platforme!$B$11+Platforme!$B$12-Platforme!$B$11*Platforme!$B$12))*1/(1+Platforme!$B$31))/(1-(Platforme!$D$11+Platforme!$D$12-Platforme!$D$11*Platforme!$D$12))+Platforme!$B$8)/(1-(Platforme!$D$14*Platforme!$D$15)),(((Sezoane!E39-Platforme!$B$8)*(1-(Platforme!$B$11+Platforme!$B$12-Platforme!$B$11*Platforme!$B$12))*1/(1+Platforme!$B$31))+Platforme!$B$8)/((1-(Platforme!$D$11+Platforme!$D$12-Platforme!$D$11*Platforme!$D$12))*(1-(Platforme!$D$14*Platforme!$D$15)))),Platforme!$D$16)*(1-Platforme!$B$26)+Sezoane!O39*Platforme!$B$26,Platforme!$D$16)))) | H38: =IF(Sezoane!$A$39="","",CEILING(IF(Platforme!$E$13=1,(((Sezoane!E39-Platforme!$B$8)*(1-(Platforme!$B$11+Platforme!$B$12-Platforme!$B$11*Platforme!$B$12))*1/(1+Platforme!$B$31))/(1-(Platforme!$E$11+Platforme!$E$12-Platforme!$E$11*Platforme!$E$12))+Platforme!$B$8)/(1-(Platforme!$E$14*Platforme!$E$15)),(((Sezoane!E39-Platforme!$B$8)*(1-(Platforme!$B$11+Platforme!$B$12-Platforme!$B$11*Platforme!$B$12))*1/(1+Platforme!$B$31))+Platforme!$B$8)/((1-(Platforme!$E$11+Platforme!$E$12-Platforme!$E$11*Platforme!$E$12))*(1-(Platforme!$E$14*Platforme!$E$15)))),Platforme!$E$16)) | I38: =IF(Sezoane!$A$39="","",(Sezoane!E39-Platforme!$B$8)*(1-(Platforme!$B$11+Platforme!$B$12-Platforme!$B$11*Platforme!$B$12))) | J38: =IF(Sezoane!$A$39="","",F38*(1-Platforme!$C$14)) | K38: =IF(Sezoane!$A$39="","",1-E38/MIN(J38,G38,H38)) | L38: =IF(Sezoane!$A$39="","",IFERROR(INDEX('Date actuale'!$C$6:$C$40,MATCH(A38,'Date actuale'!$A$6:$A$40,0)),"")) | M38: =IF(Sezoane!$A$39="","",IFERROR(INDEX('Date actuale'!$D$6:$D$40,MATCH(A38,'Date actuale'!$A$6:$A$40,0)),"")) | N38: =IF(Sezoane!$A$39="","",IFERROR(INDEX('Date actuale'!$E$6:$E$40,MATCH(A38,'Date actuale'!$A$6:$A$40,0)),"")) | O38: =IF(Sezoane!$A$39="","",Sezoane!M39) | P38: =IF(OR(Sezoane!$A$39="",N(Sezoane!O39)=0),"",Sezoane!O39) | Q38: =IF(Sezoane!$A$39="","",IF(Platforme!$D$13=1,(G38*(1-Platforme!$D$14)-Platforme!$B$8)*(1-(Platforme!$D$11+Platforme!$D$12-Platforme!$D$11*Platforme!$D$12)),G38*(1-Platforme!$D$14)*(1-(Platforme!$D$11+Platforme!$D$12-Platforme!$D$11*Platforme!$D$12))-Platforme!$B$8)) | R38: =IF(Sezoane!$A$39="","",Q38/U38-1) | S38: =IF(Sezoane!$A$39="","",G38*(1-Platforme!$B$28)) | T38: =IF(Sezoane!$A$39="","",IF(Platforme!$D$13=1,(S38*(1-Platforme!$D$14)-Platforme!$B$8)*(1-(Platforme!$D$11+Platforme!$D$12-Platforme!$D$11*Platforme!$D$12)),S38*(1-Platforme!$D$14)*(1-(Platforme!$D$11+Platforme!$D$12-Platforme!$D$11*Platforme!$D$12))-Platforme!$B$8)) | U38: =IF(Sezoane!$A$39="","",I38/(1+Platforme!$B$31))
A39: =IF(Sezoane!$A$40="","",Sezoane!A40) | B39: =IF(Sezoane!$A$40="","",Sezoane!C40) | C39: =IF(Sezoane!$A$40="","",Sezoane!D40) | D39: =IF(Sezoane!$A$40="","",Sezoane!F40) | E39: =IF(Sezoane!$A$40="","",Sezoane!E40) | F39: =IF(Sezoane!$A$40="","",CEILING(IF(Platforme!$C$13=1,(((Sezoane!E40-Platforme!$B$8)*(1-(Platforme!$B$11+Platforme!$B$12-Platforme!$B$11*Platforme!$B$12))*1/(1+Platforme!$B$31))/(1-(Platforme!$C$11+Platforme!$C$12-Platforme!$C$11*Platforme!$C$12))+Platforme!$B$8)/(1-(Platforme!$C$14*Platforme!$C$15)),(((Sezoane!E40-Platforme!$B$8)*(1-(Platforme!$B$11+Platforme!$B$12-Platforme!$B$11*Platforme!$B$12))*1/(1+Platforme!$B$31))+Platforme!$B$8)/((1-(Platforme!$C$11+Platforme!$C$12-Platforme!$C$11*Platforme!$C$12))*(1-(Platforme!$C$14*Platforme!$C$15)))),Platforme!$C$16)) | G39: =IF(Sezoane!$A$40="","",IF(N(Sezoane!O40)=0,CEILING(IF(Platforme!$D$13=1,(((Sezoane!E40-Platforme!$B$8)*(1-(Platforme!$B$11+Platforme!$B$12-Platforme!$B$11*Platforme!$B$12))*1/(1+Platforme!$B$31))/(1-(Platforme!$D$11+Platforme!$D$12-Platforme!$D$11*Platforme!$D$12))+Platforme!$B$8)/(1-(Platforme!$D$14*Platforme!$D$15)),(((Sezoane!E40-Platforme!$B$8)*(1-(Platforme!$B$11+Platforme!$B$12-Platforme!$B$11*Platforme!$B$12))*1/(1+Platforme!$B$31))+Platforme!$B$8)/((1-(Platforme!$D$11+Platforme!$D$12-Platforme!$D$11*Platforme!$D$12))*(1-(Platforme!$D$14*Platforme!$D$15)))),Platforme!$D$16),MAX(CEILING(IF(Platforme!$D$13=1,(((Sezoane!E40-Platforme!$B$8)*(1-(Platforme!$B$11+Platforme!$B$12-Platforme!$B$11*Platforme!$B$12))*Platforme!$B$27*(1+Platforme!$B$31)/(1+Platforme!$B$31))/(1-(Platforme!$D$11+Platforme!$D$12-Platforme!$D$11*Platforme!$D$12))+Platforme!$B$8)/(1-(Platforme!$D$14*Platforme!$D$15)),(((Sezoane!E40-Platforme!$B$8)*(1-(Platforme!$B$11+Platforme!$B$12-Platforme!$B$11*Platforme!$B$12))*Platforme!$B$27*(1+Platforme!$B$31)/(1+Platforme!$B$31))+Platforme!$B$8)/((1-(Platforme!$D$11+Platforme!$D$12-Platforme!$D$11*Platforme!$D$12))*(1-(Platforme!$D$14*Platforme!$D$15)))),Platforme!$D$16),CEILING(CEILING(IF(Platforme!$D$13=1,(((Sezoane!E40-Platforme!$B$8)*(1-(Platforme!$B$11+Platforme!$B$12-Platforme!$B$11*Platforme!$B$12))*1/(1+Platforme!$B$31))/(1-(Platforme!$D$11+Platforme!$D$12-Platforme!$D$11*Platforme!$D$12))+Platforme!$B$8)/(1-(Platforme!$D$14*Platforme!$D$15)),(((Sezoane!E40-Platforme!$B$8)*(1-(Platforme!$B$11+Platforme!$B$12-Platforme!$B$11*Platforme!$B$12))*1/(1+Platforme!$B$31))+Platforme!$B$8)/((1-(Platforme!$D$11+Platforme!$D$12-Platforme!$D$11*Platforme!$D$12))*(1-(Platforme!$D$14*Platforme!$D$15)))),Platforme!$D$16)*(1-Platforme!$B$26)+Sezoane!O40*Platforme!$B$26,Platforme!$D$16)))) | H39: =IF(Sezoane!$A$40="","",CEILING(IF(Platforme!$E$13=1,(((Sezoane!E40-Platforme!$B$8)*(1-(Platforme!$B$11+Platforme!$B$12-Platforme!$B$11*Platforme!$B$12))*1/(1+Platforme!$B$31))/(1-(Platforme!$E$11+Platforme!$E$12-Platforme!$E$11*Platforme!$E$12))+Platforme!$B$8)/(1-(Platforme!$E$14*Platforme!$E$15)),(((Sezoane!E40-Platforme!$B$8)*(1-(Platforme!$B$11+Platforme!$B$12-Platforme!$B$11*Platforme!$B$12))*1/(1+Platforme!$B$31))+Platforme!$B$8)/((1-(Platforme!$E$11+Platforme!$E$12-Platforme!$E$11*Platforme!$E$12))*(1-(Platforme!$E$14*Platforme!$E$15)))),Platforme!$E$16)) | I39: =IF(Sezoane!$A$40="","",(Sezoane!E40-Platforme!$B$8)*(1-(Platforme!$B$11+Platforme!$B$12-Platforme!$B$11*Platforme!$B$12))) | J39: =IF(Sezoane!$A$40="","",F39*(1-Platforme!$C$14)) | K39: =IF(Sezoane!$A$40="","",1-E39/MIN(J39,G39,H39)) | L39: =IF(Sezoane!$A$40="","",IFERROR(INDEX('Date actuale'!$C$6:$C$40,MATCH(A39,'Date actuale'!$A$6:$A$40,0)),"")) | M39: =IF(Sezoane!$A$40="","",IFERROR(INDEX('Date actuale'!$D$6:$D$40,MATCH(A39,'Date actuale'!$A$6:$A$40,0)),"")) | N39: =IF(Sezoane!$A$40="","",IFERROR(INDEX('Date actuale'!$E$6:$E$40,MATCH(A39,'Date actuale'!$A$6:$A$40,0)),"")) | O39: =IF(Sezoane!$A$40="","",Sezoane!M40) | P39: =IF(OR(Sezoane!$A$40="",N(Sezoane!O40)=0),"",Sezoane!O40) | Q39: =IF(Sezoane!$A$40="","",IF(Platforme!$D$13=1,(G39*(1-Platforme!$D$14)-Platforme!$B$8)*(1-(Platforme!$D$11+Platforme!$D$12-Platforme!$D$11*Platforme!$D$12)),G39*(1-Platforme!$D$14)*(1-(Platforme!$D$11+Platforme!$D$12-Platforme!$D$11*Platforme!$D$12))-Platforme!$B$8)) | R39: =IF(Sezoane!$A$40="","",Q39/U39-1) | S39: =IF(Sezoane!$A$40="","",G39*(1-Platforme!$B$28)) | T39: =IF(Sezoane!$A$40="","",IF(Platforme!$D$13=1,(S39*(1-Platforme!$D$14)-Platforme!$B$8)*(1-(Platforme!$D$11+Platforme!$D$12-Platforme!$D$11*Platforme!$D$12)),S39*(1-Platforme!$D$14)*(1-(Platforme!$D$11+Platforme!$D$12-Platforme!$D$11*Platforme!$D$12))-Platforme!$B$8)) | U39: =IF(Sezoane!$A$40="","",I39/(1+Platforme!$B$31))

Sheet Simulator
A1: Simulator rezervare – cât plătește oaspetele și cât câștigi
A2: Modifică celulele galbene. Prețul se calculează pe fiecare noapte după sezonul ei; reducerea pe durată și nopțile minime după sezonul zilei de check-in (ca pe site).
A4: Check-in | B4: 46402 | E4: Site direct | F4: Booking.com | G4: Airbnb | H4: Travelminit
A5: Nopți | B5: 4 | D5: Preț nopți (fără reduceri) | E5: =SUM(D20:D49) -> 5400 | F5: =SUM(E20:E49) -> 6800 | G5: =SUM(F20:F49) -> 6120 | H5: =SUM(G20:G49) -> 5880
A6: Adulți | B6: 4 | D6: Reducere pe durată | E6: =-E5*IF(Platforme!B17=1,$B$11,0) -> -1080 | F6: =-F5*IF(Platforme!C17=1,$B$11,0) -> -1360 | G6: =-G5*$B$12 -> 0 | H6: =-H5*IF(Platforme!E17=1,$B$11,0) -> 0
A7: Oaspete pe mobil (Booking)? 1=da | B7: 1 | D7: Reducere automată (ex. mobil) | E7: =-(E5+E6)*Platforme!B14 -> 0 | F7: =-(F5+F6)*Platforme!C14*$B$7 -> -544 | G7: =-(G5+G6)*Platforme!D14 -> 0 | H7: =-(H5+H6)*Platforme!E14 -> 0
A8: Check-out | B8: =B4+B5 -> 46406 | D8: PLĂTEȘTE OASPETELE | E8: =E5+E6+E7 -> 4320 | F8: =F5+F6+F7 -> 4896 | G8: =G5+G6+G7 -> 6120 | H8: =H5+H6+H7 -> 5880
A9: Sezon check-in | B9: =IFERROR(INDEX(Sezoane!$A$6:$A$40,MATCH(B4,Sezoane!$C$6:$C$40,1)),"") -> iarna-2027 | D9: Taxe locale (turistică + Salvamont) | E9: =(Platforme!$B$5+Platforme!$B$6)*$B$6*$B$5 -> 192 | F9: =(Platforme!$B$5+Platforme!$B$6)*$B$6*$B$5 -> 192 | G9: =(Platforme!$B$5+Platforme!$B$6)*$B$6*$B$5 -> 192 | H9: =(Platforme!$B$5+Platforme!$B$6)*$B$6*$B$5 -> 192
A10: Nopți minime în sezon | B10: =IFERROR(INDEX(Sezoane!$F$6:$F$40,MATCH(B4,Sezoane!$C$6:$C$40,1)),"") -> 2 | D10: Comision + costuri platformă | E10: =-IF(Platforme!B13=1,E8-E9,E8)*(Platforme!B11+Platforme!B12-Platforme!B11*Platforme!B12) -> 0 | F10: =-IF(Platforme!C13=1,F8-F9,F8)*(Platforme!C11+Platforme!C12-Platforme!C11*Platforme!C12) -> -761.5776 | G10: =-IF(Platforme!D13=1,G8-G9,G8)*(Platforme!D11+Platforme!D12-Platforme!D11*Platforme!D12) -> -948.6 | H10: =-IF(Platforme!E13=1,H8-H9,H8)*(Platforme!E11+Platforme!E12-Platforme!E11*Platforme!E12) -> -705.6
A11: Reducere pe durată (site/Booking) | B11: =IFERROR(IF(B5<B10,0,N(INDEX(Sezoane!$G$6:$L$40,MATCH(B4,Sezoane!$C$6:$C$40,1),MIN(B5,7)-1))),0) -> 0.2 | D11: CÂȘTIGUL TĂU NET (după taxe și comision) | E11: =E8-E9+E10 -> 4128 | F11: =F8-F9+F10 -> 3942.4224 | G11: =G8-G9+G10 -> 4979.4 | H11: =H8-H9+H10 -> 4982.4
A12: Reducere Airbnb (săpt./lună) | B12: =IF(B5>=28,Platforme!B21,IF(B5>=7,Platforme!B20,0)) -> 0 | D12: Oaspetele economisește pe site față de | F12: =IF(F8=0,"",F8-$E$8) -> 576 | G12: =IF(G8=0,"",G8-$E$8) -> 1800 | H12: =IF(H8=0,"",H8-$E$8) -> 1560
A13: Verificare sejur | B13: =IF(B9="","⚠ Data nu e în niciun sezon – pe site rezervarea e blocată",IF(B5<B10,"⚠ Sub numărul minim de nopți","OK")) -> OK
A18: Detaliu pe nopți
A19: Noapte | B19: Data | C19: Sezon | D19: Site | E19: Booking | F19: Airbnb | G19: Travelminit
A20: =IF(1<=$B$5,1,"") -> 1 | B20: =IF(A20="","",$B$4+A20-1) -> 46402 | C20: =IF(A20="","",IF(AND(ISNUMBER(MATCH(B20,Sezoane!$C$6:$C$40,1)),B20<=INDEX(Sezoane!$D$6:$D$40,MATCH(B20,Sezoane!$C$6:$C$40,1))),INDEX(Sezoane!$A$6:$A$40,MATCH(B20,Sezoane!$C$6:$C$40,1)),"fără sezon")) -> iarna-2027 | D20: =IF(OR(A20="",C20="fără sezon"),0,INDEX('Prețuri de setat'!$E$5:$E$39,MATCH(B20,Sezoane!$C$6:$C$40,1))) -> 1350 | E20: =IF(OR(A20="",C20="fără sezon"),0,INDEX('Prețuri de setat'!$F$5:$F$39,MATCH(B20,Sezoane!$C$6:$C$40,1))) -> 1700 | F20: =IF(OR(A20="",C20="fără sezon"),0,INDEX('Prețuri de setat'!$G$5:$G$39,MATCH(B20,Sezoane!$C$6:$C$40,1))) -> 1530 | G20: =IF(OR(A20="",C20="fără sezon"),0,INDEX('Prețuri de setat'!$H$5:$H$39,MATCH(B20,Sezoane!$C$6:$C$40,1))) -> 1470
A21: =IF(2<=$B$5,2,"") -> 2 | B21: =IF(A21="","",$B$4+A21-1) -> 46403 | C21: =IF(A21="","",IF(AND(ISNUMBER(MATCH(B21,Sezoane!$C$6:$C$40,1)),B21<=INDEX(Sezoane!$D$6:$D$40,MATCH(B21,Sezoane!$C$6:$C$40,1))),INDEX(Sezoane!$A$6:$A$40,MATCH(B21,Sezoane!$C$6:$C$40,1)),"fără sezon")) -> iarna-2027 | D21: =IF(OR(A21="",C21="fără sezon"),0,INDEX('Prețuri de setat'!$E$5:$E$39,MATCH(B21,Sezoane!$C$6:$C$40,1))) -> 1350 | E21: =IF(OR(A21="",C21="fără sezon"),0,INDEX('Prețuri de setat'!$F$5:$F$39,MATCH(B21,Sezoane!$C$6:$C$40,1))) -> 1700 | F21: =IF(OR(A21="",C21="fără sezon"),0,INDEX('Prețuri de setat'!$G$5:$G$39,MATCH(B21,Sezoane!$C$6:$C$40,1))) -> 1530 | G21: =IF(OR(A21="",C21="fără sezon"),0,INDEX('Prețuri de setat'!$H$5:$H$39,MATCH(B21,Sezoane!$C$6:$C$40,1))) -> 1470
A22: =IF(3<=$B$5,3,"") -> 3 | B22: =IF(A22="","",$B$4+A22-1) -> 46404 | C22: =IF(A22="","",IF(AND(ISNUMBER(MATCH(B22,Sezoane!$C$6:$C$40,1)),B22<=INDEX(Sezoane!$D$6:$D$40,MATCH(B22,Sezoane!$C$6:$C$40,1))),INDEX(Sezoane!$A$6:$A$40,MATCH(B22,Sezoane!$C$6:$C$40,1)),"fără sezon")) -> iarna-2027 | D22: =IF(OR(A22="",C22="fără sezon"),0,INDEX('Prețuri de setat'!$E$5:$E$39,MATCH(B22,Sezoane!$C$6:$C$40,1))) -> 1350 | E22: =IF(OR(A22="",C22="fără sezon"),0,INDEX('Prețuri de setat'!$F$5:$F$39,MATCH(B22,Sezoane!$C$6:$C$40,1))) -> 1700 | F22: =IF(OR(A22="",C22="fără sezon"),0,INDEX('Prețuri de setat'!$G$5:$G$39,MATCH(B22,Sezoane!$C$6:$C$40,1))) -> 1530 | G22: =IF(OR(A22="",C22="fără sezon"),0,INDEX('Prețuri de setat'!$H$5:$H$39,MATCH(B22,Sezoane!$C$6:$C$40,1))) -> 1470
A23: =IF(4<=$B$5,4,"") -> 4 | B23: =IF(A23="","",$B$4+A23-1) -> 46405 | C23: =IF(A23="","",IF(AND(ISNUMBER(MATCH(B23,Sezoane!$C$6:$C$40,1)),B23<=INDEX(Sezoane!$D$6:$D$40,MATCH(B23,Sezoane!$C$6:$C$40,1))),INDEX(Sezoane!$A$6:$A$40,MATCH(B23,Sezoane!$C$6:$C$40,1)),"fără sezon")) -> iarna-2027 | D23: =IF(OR(A23="",C23="fără sezon"),0,INDEX('Prețuri de setat'!$E$5:$E$39,MATCH(B23,Sezoane!$C$6:$C$40,1))) -> 1350 | E23: =IF(OR(A23="",C23="fără sezon"),0,INDEX('Prețuri de setat'!$F$5:$F$39,MATCH(B23,Sezoane!$C$6:$C$40,1))) -> 1700 | F23: =IF(OR(A23="",C23="fără sezon"),0,INDEX('Prețuri de setat'!$G$5:$G$39,MATCH(B23,Sezoane!$C$6:$C$40,1))) -> 1530 | G23: =IF(OR(A23="",C23="fără sezon"),0,INDEX('Prețuri de setat'!$H$5:$H$39,MATCH(B23,Sezoane!$C$6:$C$40,1))) -> 1470
A24: =IF(5<=$B$5,5,"") | B24: =IF(A24="","",$B$4+A24-1) | C24: =IF(A24="","",IF(AND(ISNUMBER(MATCH(B24,Sezoane!$C$6:$C$40,1)),B24<=INDEX(Sezoane!$D$6:$D$40,MATCH(B24,Sezoane!$C$6:$C$40,1))),INDEX(Sezoane!$A$6:$A$40,MATCH(B24,Sezoane!$C$6:$C$40,1)),"fără sezon")) | D24: =IF(OR(A24="",C24="fără sezon"),0,INDEX('Prețuri de setat'!$E$5:$E$39,MATCH(B24,Sezoane!$C$6:$C$40,1))) -> 0 | E24: =IF(OR(A24="",C24="fără sezon"),0,INDEX('Prețuri de setat'!$F$5:$F$39,MATCH(B24,Sezoane!$C$6:$C$40,1))) -> 0 | F24: =IF(OR(A24="",C24="fără sezon"),0,INDEX('Prețuri de setat'!$G$5:$G$39,MATCH(B24,Sezoane!$C$6:$C$40,1))) -> 0 | G24: =IF(OR(A24="",C24="fără sezon"),0,INDEX('Prețuri de setat'!$H$5:$H$39,MATCH(B24,Sezoane!$C$6:$C$40,1))) -> 0
A25: =IF(6<=$B$5,6,"") | B25: =IF(A25="","",$B$4+A25-1) | C25: =IF(A25="","",IF(AND(ISNUMBER(MATCH(B25,Sezoane!$C$6:$C$40,1)),B25<=INDEX(Sezoane!$D$6:$D$40,MATCH(B25,Sezoane!$C$6:$C$40,1))),INDEX(Sezoane!$A$6:$A$40,MATCH(B25,Sezoane!$C$6:$C$40,1)),"fără sezon")) | D25: =IF(OR(A25="",C25="fără sezon"),0,INDEX('Prețuri de setat'!$E$5:$E$39,MATCH(B25,Sezoane!$C$6:$C$40,1))) -> 0 | E25: =IF(OR(A25="",C25="fără sezon"),0,INDEX('Prețuri de setat'!$F$5:$F$39,MATCH(B25,Sezoane!$C$6:$C$40,1))) -> 0 | F25: =IF(OR(A25="",C25="fără sezon"),0,INDEX('Prețuri de setat'!$G$5:$G$39,MATCH(B25,Sezoane!$C$6:$C$40,1))) -> 0 | G25: =IF(OR(A25="",C25="fără sezon"),0,INDEX('Prețuri de setat'!$H$5:$H$39,MATCH(B25,Sezoane!$C$6:$C$40,1))) -> 0
A26: =IF(7<=$B$5,7,"") | B26: =IF(A26="","",$B$4+A26-1) | C26: =IF(A26="","",IF(AND(ISNUMBER(MATCH(B26,Sezoane!$C$6:$C$40,1)),B26<=INDEX(Sezoane!$D$6:$D$40,MATCH(B26,Sezoane!$C$6:$C$40,1))),INDEX(Sezoane!$A$6:$A$40,MATCH(B26,Sezoane!$C$6:$C$40,1)),"fără sezon")) | D26: =IF(OR(A26="",C26="fără sezon"),0,INDEX('Prețuri de setat'!$E$5:$E$39,MATCH(B26,Sezoane!$C$6:$C$40,1))) -> 0 | E26: =IF(OR(A26="",C26="fără sezon"),0,INDEX('Prețuri de setat'!$F$5:$F$39,MATCH(B26,Sezoane!$C$6:$C$40,1))) -> 0 | F26: =IF(OR(A26="",C26="fără sezon"),0,INDEX('Prețuri de setat'!$G$5:$G$39,MATCH(B26,Sezoane!$C$6:$C$40,1))) -> 0 | G26: =IF(OR(A26="",C26="fără sezon"),0,INDEX('Prețuri de setat'!$H$5:$H$39,MATCH(B26,Sezoane!$C$6:$C$40,1))) -> 0
A27: =IF(8<=$B$5,8,"") | B27: =IF(A27="","",$B$4+A27-1) | C27: =IF(A27="","",IF(AND(ISNUMBER(MATCH(B27,Sezoane!$C$6:$C$40,1)),B27<=INDEX(Sezoane!$D$6:$D$40,MATCH(B27,Sezoane!$C$6:$C$40,1))),INDEX(Sezoane!$A$6:$A$40,MATCH(B27,Sezoane!$C$6:$C$40,1)),"fără sezon")) | D27: =IF(OR(A27="",C27="fără sezon"),0,INDEX('Prețuri de setat'!$E$5:$E$39,MATCH(B27,Sezoane!$C$6:$C$40,1))) -> 0 | E27: =IF(OR(A27="",C27="fără sezon"),0,INDEX('Prețuri de setat'!$F$5:$F$39,MATCH(B27,Sezoane!$C$6:$C$40,1))) -> 0 | F27: =IF(OR(A27="",C27="fără sezon"),0,INDEX('Prețuri de setat'!$G$5:$G$39,MATCH(B27,Sezoane!$C$6:$C$40,1))) -> 0 | G27: =IF(OR(A27="",C27="fără sezon"),0,INDEX('Prețuri de setat'!$H$5:$H$39,MATCH(B27,Sezoane!$C$6:$C$40,1))) -> 0
A28: =IF(9<=$B$5,9,"") | B28: =IF(A28="","",$B$4+A28-1) | C28: =IF(A28="","",IF(AND(ISNUMBER(MATCH(B28,Sezoane!$C$6:$C$40,1)),B28<=INDEX(Sezoane!$D$6:$D$40,MATCH(B28,Sezoane!$C$6:$C$40,1))),INDEX(Sezoane!$A$6:$A$40,MATCH(B28,Sezoane!$C$6:$C$40,1)),"fără sezon")) | D28: =IF(OR(A28="",C28="fără sezon"),0,INDEX('Prețuri de setat'!$E$5:$E$39,MATCH(B28,Sezoane!$C$6:$C$40,1))) -> 0 | E28: =IF(OR(A28="",C28="fără sezon"),0,INDEX('Prețuri de setat'!$F$5:$F$39,MATCH(B28,Sezoane!$C$6:$C$40,1))) -> 0 | F28: =IF(OR(A28="",C28="fără sezon"),0,INDEX('Prețuri de setat'!$G$5:$G$39,MATCH(B28,Sezoane!$C$6:$C$40,1))) -> 0 | G28: =IF(OR(A28="",C28="fără sezon"),0,INDEX('Prețuri de setat'!$H$5:$H$39,MATCH(B28,Sezoane!$C$6:$C$40,1))) -> 0
A29: =IF(10<=$B$5,10,"") | B29: =IF(A29="","",$B$4+A29-1) | C29: =IF(A29="","",IF(AND(ISNUMBER(MATCH(B29,Sezoane!$C$6:$C$40,1)),B29<=INDEX(Sezoane!$D$6:$D$40,MATCH(B29,Sezoane!$C$6:$C$40,1))),INDEX(Sezoane!$A$6:$A$40,MATCH(B29,Sezoane!$C$6:$C$40,1)),"fără sezon")) | D29: =IF(OR(A29="",C29="fără sezon"),0,INDEX('Prețuri de setat'!$E$5:$E$39,MATCH(B29,Sezoane!$C$6:$C$40,1))) -> 0 | E29: =IF(OR(A29="",C29="fără sezon"),0,INDEX('Prețuri de setat'!$F$5:$F$39,MATCH(B29,Sezoane!$C$6:$C$40,1))) -> 0 | F29: =IF(OR(A29="",C29="fără sezon"),0,INDEX('Prețuri de setat'!$G$5:$G$39,MATCH(B29,Sezoane!$C$6:$C$40,1))) -> 0 | G29: =IF(OR(A29="",C29="fără sezon"),0,INDEX('Prețuri de setat'!$H$5:$H$39,MATCH(B29,Sezoane!$C$6:$C$40,1))) -> 0
A30: =IF(11<=$B$5,11,"") | B30: =IF(A30="","",$B$4+A30-1) | C30: =IF(A30="","",IF(AND(ISNUMBER(MATCH(B30,Sezoane!$C$6:$C$40,1)),B30<=INDEX(Sezoane!$D$6:$D$40,MATCH(B30,Sezoane!$C$6:$C$40,1))),INDEX(Sezoane!$A$6:$A$40,MATCH(B30,Sezoane!$C$6:$C$40,1)),"fără sezon")) | D30: =IF(OR(A30="",C30="fără sezon"),0,INDEX('Prețuri de setat'!$E$5:$E$39,MATCH(B30,Sezoane!$C$6:$C$40,1))) -> 0 | E30: =IF(OR(A30="",C30="fără sezon"),0,INDEX('Prețuri de setat'!$F$5:$F$39,MATCH(B30,Sezoane!$C$6:$C$40,1))) -> 0 | F30: =IF(OR(A30="",C30="fără sezon"),0,INDEX('Prețuri de setat'!$G$5:$G$39,MATCH(B30,Sezoane!$C$6:$C$40,1))) -> 0 | G30: =IF(OR(A30="",C30="fără sezon"),0,INDEX('Prețuri de setat'!$H$5:$H$39,MATCH(B30,Sezoane!$C$6:$C$40,1))) -> 0
A31: =IF(12<=$B$5,12,"") | B31: =IF(A31="","",$B$4+A31-1) | C31: =IF(A31="","",IF(AND(ISNUMBER(MATCH(B31,Sezoane!$C$6:$C$40,1)),B31<=INDEX(Sezoane!$D$6:$D$40,MATCH(B31,Sezoane!$C$6:$C$40,1))),INDEX(Sezoane!$A$6:$A$40,MATCH(B31,Sezoane!$C$6:$C$40,1)),"fără sezon")) | D31: =IF(OR(A31="",C31="fără sezon"),0,INDEX('Prețuri de setat'!$E$5:$E$39,MATCH(B31,Sezoane!$C$6:$C$40,1))) -> 0 | E31: =IF(OR(A31="",C31="fără sezon"),0,INDEX('Prețuri de setat'!$F$5:$F$39,MATCH(B31,Sezoane!$C$6:$C$40,1))) -> 0 | F31: =IF(OR(A31="",C31="fără sezon"),0,INDEX('Prețuri de setat'!$G$5:$G$39,MATCH(B31,Sezoane!$C$6:$C$40,1))) -> 0 | G31: =IF(OR(A31="",C31="fără sezon"),0,INDEX('Prețuri de setat'!$H$5:$H$39,MATCH(B31,Sezoane!$C$6:$C$40,1))) -> 0
A32: =IF(13<=$B$5,13,"") | B32: =IF(A32="","",$B$4+A32-1) | C32: =IF(A32="","",IF(AND(ISNUMBER(MATCH(B32,Sezoane!$C$6:$C$40,1)),B32<=INDEX(Sezoane!$D$6:$D$40,MATCH(B32,Sezoane!$C$6:$C$40,1))),INDEX(Sezoane!$A$6:$A$40,MATCH(B32,Sezoane!$C$6:$C$40,1)),"fără sezon")) | D32: =IF(OR(A32="",C32="fără sezon"),0,INDEX('Prețuri de setat'!$E$5:$E$39,MATCH(B32,Sezoane!$C$6:$C$40,1))) -> 0 | E32: =IF(OR(A32="",C32="fără sezon"),0,INDEX('Prețuri de setat'!$F$5:$F$39,MATCH(B32,Sezoane!$C$6:$C$40,1))) -> 0 | F32: =IF(OR(A32="",C32="fără sezon"),0,INDEX('Prețuri de setat'!$G$5:$G$39,MATCH(B32,Sezoane!$C$6:$C$40,1))) -> 0 | G32: =IF(OR(A32="",C32="fără sezon"),0,INDEX('Prețuri de setat'!$H$5:$H$39,MATCH(B32,Sezoane!$C$6:$C$40,1))) -> 0
A33: =IF(14<=$B$5,14,"") | B33: =IF(A33="","",$B$4+A33-1) | C33: =IF(A33="","",IF(AND(ISNUMBER(MATCH(B33,Sezoane!$C$6:$C$40,1)),B33<=INDEX(Sezoane!$D$6:$D$40,MATCH(B33,Sezoane!$C$6:$C$40,1))),INDEX(Sezoane!$A$6:$A$40,MATCH(B33,Sezoane!$C$6:$C$40,1)),"fără sezon")) | D33: =IF(OR(A33="",C33="fără sezon"),0,INDEX('Prețuri de setat'!$E$5:$E$39,MATCH(B33,Sezoane!$C$6:$C$40,1))) -> 0 | E33: =IF(OR(A33="",C33="fără sezon"),0,INDEX('Prețuri de setat'!$F$5:$F$39,MATCH(B33,Sezoane!$C$6:$C$40,1))) -> 0 | F33: =IF(OR(A33="",C33="fără sezon"),0,INDEX('Prețuri de setat'!$G$5:$G$39,MATCH(B33,Sezoane!$C$6:$C$40,1))) -> 0 | G33: =IF(OR(A33="",C33="fără sezon"),0,INDEX('Prețuri de setat'!$H$5:$H$39,MATCH(B33,Sezoane!$C$6:$C$40,1))) -> 0
A34: =IF(15<=$B$5,15,"") | B34: =IF(A34="","",$B$4+A34-1) | C34: =IF(A34="","",IF(AND(ISNUMBER(MATCH(B34,Sezoane!$C$6:$C$40,1)),B34<=INDEX(Sezoane!$D$6:$D$40,MATCH(B34,Sezoane!$C$6:$C$40,1))),INDEX(Sezoane!$A$6:$A$40,MATCH(B34,Sezoane!$C$6:$C$40,1)),"fără sezon")) | D34: =IF(OR(A34="",C34="fără sezon"),0,INDEX('Prețuri de setat'!$E$5:$E$39,MATCH(B34,Sezoane!$C$6:$C$40,1))) -> 0 | E34: =IF(OR(A34="",C34="fără sezon"),0,INDEX('Prețuri de setat'!$F$5:$F$39,MATCH(B34,Sezoane!$C$6:$C$40,1))) -> 0 | F34: =IF(OR(A34="",C34="fără sezon"),0,INDEX('Prețuri de setat'!$G$5:$G$39,MATCH(B34,Sezoane!$C$6:$C$40,1))) -> 0 | G34: =IF(OR(A34="",C34="fără sezon"),0,INDEX('Prețuri de setat'!$H$5:$H$39,MATCH(B34,Sezoane!$C$6:$C$40,1))) -> 0
A35: =IF(16<=$B$5,16,"") | B35: =IF(A35="","",$B$4+A35-1) | C35: =IF(A35="","",IF(AND(ISNUMBER(MATCH(B35,Sezoane!$C$6:$C$40,1)),B35<=INDEX(Sezoane!$D$6:$D$40,MATCH(B35,Sezoane!$C$6:$C$40,1))),INDEX(Sezoane!$A$6:$A$40,MATCH(B35,Sezoane!$C$6:$C$40,1)),"fără sezon")) | D35: =IF(OR(A35="",C35="fără sezon"),0,INDEX('Prețuri de setat'!$E$5:$E$39,MATCH(B35,Sezoane!$C$6:$C$40,1))) -> 0 | E35: =IF(OR(A35="",C35="fără sezon"),0,INDEX('Prețuri de setat'!$F$5:$F$39,MATCH(B35,Sezoane!$C$6:$C$40,1))) -> 0 | F35: =IF(OR(A35="",C35="fără sezon"),0,INDEX('Prețuri de setat'!$G$5:$G$39,MATCH(B35,Sezoane!$C$6:$C$40,1))) -> 0 | G35: =IF(OR(A35="",C35="fără sezon"),0,INDEX('Prețuri de setat'!$H$5:$H$39,MATCH(B35,Sezoane!$C$6:$C$40,1))) -> 0
A36: =IF(17<=$B$5,17,"") | B36: =IF(A36="","",$B$4+A36-1) | C36: =IF(A36="","",IF(AND(ISNUMBER(MATCH(B36,Sezoane!$C$6:$C$40,1)),B36<=INDEX(Sezoane!$D$6:$D$40,MATCH(B36,Sezoane!$C$6:$C$40,1))),INDEX(Sezoane!$A$6:$A$40,MATCH(B36,Sezoane!$C$6:$C$40,1)),"fără sezon")) | D36: =IF(OR(A36="",C36="fără sezon"),0,INDEX('Prețuri de setat'!$E$5:$E$39,MATCH(B36,Sezoane!$C$6:$C$40,1))) -> 0 | E36: =IF(OR(A36="",C36="fără sezon"),0,INDEX('Prețuri de setat'!$F$5:$F$39,MATCH(B36,Sezoane!$C$6:$C$40,1))) -> 0 | F36: =IF(OR(A36="",C36="fără sezon"),0,INDEX('Prețuri de setat'!$G$5:$G$39,MATCH(B36,Sezoane!$C$6:$C$40,1))) -> 0 | G36: =IF(OR(A36="",C36="fără sezon"),0,INDEX('Prețuri de setat'!$H$5:$H$39,MATCH(B36,Sezoane!$C$6:$C$40,1))) -> 0
A37: =IF(18<=$B$5,18,"") | B37: =IF(A37="","",$B$4+A37-1) | C37: =IF(A37="","",IF(AND(ISNUMBER(MATCH(B37,Sezoane!$C$6:$C$40,1)),B37<=INDEX(Sezoane!$D$6:$D$40,MATCH(B37,Sezoane!$C$6:$C$40,1))),INDEX(Sezoane!$A$6:$A$40,MATCH(B37,Sezoane!$C$6:$C$40,1)),"fără sezon")) | D37: =IF(OR(A37="",C37="fără sezon"),0,INDEX('Prețuri de setat'!$E$5:$E$39,MATCH(B37,Sezoane!$C$6:$C$40,1))) -> 0 | E37: =IF(OR(A37="",C37="fără sezon"),0,INDEX('Prețuri de setat'!$F$5:$F$39,MATCH(B37,Sezoane!$C$6:$C$40,1))) -> 0 | F37: =IF(OR(A37="",C37="fără sezon"),0,INDEX('Prețuri de setat'!$G$5:$G$39,MATCH(B37,Sezoane!$C$6:$C$40,1))) -> 0 | G37: =IF(OR(A37="",C37="fără sezon"),0,INDEX('Prețuri de setat'!$H$5:$H$39,MATCH(B37,Sezoane!$C$6:$C$40,1))) -> 0
A38: =IF(19<=$B$5,19,"") | B38: =IF(A38="","",$B$4+A38-1) | C38: =IF(A38="","",IF(AND(ISNUMBER(MATCH(B38,Sezoane!$C$6:$C$40,1)),B38<=INDEX(Sezoane!$D$6:$D$40,MATCH(B38,Sezoane!$C$6:$C$40,1))),INDEX(Sezoane!$A$6:$A$40,MATCH(B38,Sezoane!$C$6:$C$40,1)),"fără sezon")) | D38: =IF(OR(A38="",C38="fără sezon"),0,INDEX('Prețuri de setat'!$E$5:$E$39,MATCH(B38,Sezoane!$C$6:$C$40,1))) -> 0 | E38: =IF(OR(A38="",C38="fără sezon"),0,INDEX('Prețuri de setat'!$F$5:$F$39,MATCH(B38,Sezoane!$C$6:$C$40,1))) -> 0 | F38: =IF(OR(A38="",C38="fără sezon"),0,INDEX('Prețuri de setat'!$G$5:$G$39,MATCH(B38,Sezoane!$C$6:$C$40,1))) -> 0 | G38: =IF(OR(A38="",C38="fără sezon"),0,INDEX('Prețuri de setat'!$H$5:$H$39,MATCH(B38,Sezoane!$C$6:$C$40,1))) -> 0
A39: =IF(20<=$B$5,20,"") | B39: =IF(A39="","",$B$4+A39-1) | C39: =IF(A39="","",IF(AND(ISNUMBER(MATCH(B39,Sezoane!$C$6:$C$40,1)),B39<=INDEX(Sezoane!$D$6:$D$40,MATCH(B39,Sezoane!$C$6:$C$40,1))),INDEX(Sezoane!$A$6:$A$40,MATCH(B39,Sezoane!$C$6:$C$40,1)),"fără sezon")) | D39: =IF(OR(A39="",C39="fără sezon"),0,INDEX('Prețuri de setat'!$E$5:$E$39,MATCH(B39,Sezoane!$C$6:$C$40,1))) -> 0 | E39: =IF(OR(A39="",C39="fără sezon"),0,INDEX('Prețuri de setat'!$F$5:$F$39,MATCH(B39,Sezoane!$C$6:$C$40,1))) -> 0 | F39: =IF(OR(A39="",C39="fără sezon"),0,INDEX('Prețuri de setat'!$G$5:$G$39,MATCH(B39,Sezoane!$C$6:$C$40,1))) -> 0 | G39: =IF(OR(A39="",C39="fără sezon"),0,INDEX('Prețuri de setat'!$H$5:$H$39,MATCH(B39,Sezoane!$C$6:$C$40,1))) -> 0
A40: =IF(21<=$B$5,21,"") | B40: =IF(A40="","",$B$4+A40-1) | C40: =IF(A40="","",IF(AND(ISNUMBER(MATCH(B40,Sezoane!$C$6:$C$40,1)),B40<=INDEX(Sezoane!$D$6:$D$40,MATCH(B40,Sezoane!$C$6:$C$40,1))),INDEX(Sezoane!$A$6:$A$40,MATCH(B40,Sezoane!$C$6:$C$40,1)),"fără sezon")) | D40: =IF(OR(A40="",C40="fără sezon"),0,INDEX('Prețuri de setat'!$E$5:$E$39,MATCH(B40,Sezoane!$C$6:$C$40,1))) -> 0 | E40: =IF(OR(A40="",C40="fără sezon"),0,INDEX('Prețuri de setat'!$F$5:$F$39,MATCH(B40,Sezoane!$C$6:$C$40,1))) -> 0 | F40: =IF(OR(A40="",C40="fără sezon"),0,INDEX('Prețuri de setat'!$G$5:$G$39,MATCH(B40,Sezoane!$C$6:$C$40,1))) -> 0 | G40: =IF(OR(A40="",C40="fără sezon"),0,INDEX('Prețuri de setat'!$H$5:$H$39,MATCH(B40,Sezoane!$C$6:$C$40,1))) -> 0
A41: =IF(22<=$B$5,22,"") | B41: =IF(A41="","",$B$4+A41-1) | C41: =IF(A41="","",IF(AND(ISNUMBER(MATCH(B41,Sezoane!$C$6:$C$40,1)),B41<=INDEX(Sezoane!$D$6:$D$40,MATCH(B41,Sezoane!$C$6:$C$40,1))),INDEX(Sezoane!$A$6:$A$40,MATCH(B41,Sezoane!$C$6:$C$40,1)),"fără sezon")) | D41: =IF(OR(A41="",C41="fără sezon"),0,INDEX('Prețuri de setat'!$E$5:$E$39,MATCH(B41,Sezoane!$C$6:$C$40,1))) -> 0 | E41: =IF(OR(A41="",C41="fără sezon"),0,INDEX('Prețuri de setat'!$F$5:$F$39,MATCH(B41,Sezoane!$C$6:$C$40,1))) -> 0 | F41: =IF(OR(A41="",C41="fără sezon"),0,INDEX('Prețuri de setat'!$G$5:$G$39,MATCH(B41,Sezoane!$C$6:$C$40,1))) -> 0 | G41: =IF(OR(A41="",C41="fără sezon"),0,INDEX('Prețuri de setat'!$H$5:$H$39,MATCH(B41,Sezoane!$C$6:$C$40,1))) -> 0
A42: =IF(23<=$B$5,23,"") | B42: =IF(A42="","",$B$4+A42-1) | C42: =IF(A42="","",IF(AND(ISNUMBER(MATCH(B42,Sezoane!$C$6:$C$40,1)),B42<=INDEX(Sezoane!$D$6:$D$40,MATCH(B42,Sezoane!$C$6:$C$40,1))),INDEX(Sezoane!$A$6:$A$40,MATCH(B42,Sezoane!$C$6:$C$40,1)),"fără sezon")) | D42: =IF(OR(A42="",C42="fără sezon"),0,INDEX('Prețuri de setat'!$E$5:$E$39,MATCH(B42,Sezoane!$C$6:$C$40,1))) -> 0 | E42: =IF(OR(A42="",C42="fără sezon"),0,INDEX('Prețuri de setat'!$F$5:$F$39,MATCH(B42,Sezoane!$C$6:$C$40,1))) -> 0 | F42: =IF(OR(A42="",C42="fără sezon"),0,INDEX('Prețuri de setat'!$G$5:$G$39,MATCH(B42,Sezoane!$C$6:$C$40,1))) -> 0 | G42: =IF(OR(A42="",C42="fără sezon"),0,INDEX('Prețuri de setat'!$H$5:$H$39,MATCH(B42,Sezoane!$C$6:$C$40,1))) -> 0
A43: =IF(24<=$B$5,24,"") | B43: =IF(A43="","",$B$4+A43-1) | C43: =IF(A43="","",IF(AND(ISNUMBER(MATCH(B43,Sezoane!$C$6:$C$40,1)),B43<=INDEX(Sezoane!$D$6:$D$40,MATCH(B43,Sezoane!$C$6:$C$40,1))),INDEX(Sezoane!$A$6:$A$40,MATCH(B43,Sezoane!$C$6:$C$40,1)),"fără sezon")) | D43: =IF(OR(A43="",C43="fără sezon"),0,INDEX('Prețuri de setat'!$E$5:$E$39,MATCH(B43,Sezoane!$C$6:$C$40,1))) -> 0 | E43: =IF(OR(A43="",C43="fără sezon"),0,INDEX('Prețuri de setat'!$F$5:$F$39,MATCH(B43,Sezoane!$C$6:$C$40,1))) -> 0 | F43: =IF(OR(A43="",C43="fără sezon"),0,INDEX('Prețuri de setat'!$G$5:$G$39,MATCH(B43,Sezoane!$C$6:$C$40,1))) -> 0 | G43: =IF(OR(A43="",C43="fără sezon"),0,INDEX('Prețuri de setat'!$H$5:$H$39,MATCH(B43,Sezoane!$C$6:$C$40,1))) -> 0
A44: =IF(25<=$B$5,25,"") | B44: =IF(A44="","",$B$4+A44-1) | C44: =IF(A44="","",IF(AND(ISNUMBER(MATCH(B44,Sezoane!$C$6:$C$40,1)),B44<=INDEX(Sezoane!$D$6:$D$40,MATCH(B44,Sezoane!$C$6:$C$40,1))),INDEX(Sezoane!$A$6:$A$40,MATCH(B44,Sezoane!$C$6:$C$40,1)),"fără sezon")) | D44: =IF(OR(A44="",C44="fără sezon"),0,INDEX('Prețuri de setat'!$E$5:$E$39,MATCH(B44,Sezoane!$C$6:$C$40,1))) -> 0 | E44: =IF(OR(A44="",C44="fără sezon"),0,INDEX('Prețuri de setat'!$F$5:$F$39,MATCH(B44,Sezoane!$C$6:$C$40,1))) -> 0 | F44: =IF(OR(A44="",C44="fără sezon"),0,INDEX('Prețuri de setat'!$G$5:$G$39,MATCH(B44,Sezoane!$C$6:$C$40,1))) -> 0 | G44: =IF(OR(A44="",C44="fără sezon"),0,INDEX('Prețuri de setat'!$H$5:$H$39,MATCH(B44,Sezoane!$C$6:$C$40,1))) -> 0
A45: =IF(26<=$B$5,26,"") | B45: =IF(A45="","",$B$4+A45-1) | C45: =IF(A45="","",IF(AND(ISNUMBER(MATCH(B45,Sezoane!$C$6:$C$40,1)),B45<=INDEX(Sezoane!$D$6:$D$40,MATCH(B45,Sezoane!$C$6:$C$40,1))),INDEX(Sezoane!$A$6:$A$40,MATCH(B45,Sezoane!$C$6:$C$40,1)),"fără sezon")) | D45: =IF(OR(A45="",C45="fără sezon"),0,INDEX('Prețuri de setat'!$E$5:$E$39,MATCH(B45,Sezoane!$C$6:$C$40,1))) -> 0 | E45: =IF(OR(A45="",C45="fără sezon"),0,INDEX('Prețuri de setat'!$F$5:$F$39,MATCH(B45,Sezoane!$C$6:$C$40,1))) -> 0 | F45: =IF(OR(A45="",C45="fără sezon"),0,INDEX('Prețuri de setat'!$G$5:$G$39,MATCH(B45,Sezoane!$C$6:$C$40,1))) -> 0 | G45: =IF(OR(A45="",C45="fără sezon"),0,INDEX('Prețuri de setat'!$H$5:$H$39,MATCH(B45,Sezoane!$C$6:$C$40,1))) -> 0
A46: =IF(27<=$B$5,27,"") | B46: =IF(A46="","",$B$4+A46-1) | C46: =IF(A46="","",IF(AND(ISNUMBER(MATCH(B46,Sezoane!$C$6:$C$40,1)),B46<=INDEX(Sezoane!$D$6:$D$40,MATCH(B46,Sezoane!$C$6:$C$40,1))),INDEX(Sezoane!$A$6:$A$40,MATCH(B46,Sezoane!$C$6:$C$40,1)),"fără sezon")) | D46: =IF(OR(A46="",C46="fără sezon"),0,INDEX('Prețuri de setat'!$E$5:$E$39,MATCH(B46,Sezoane!$C$6:$C$40,1))) -> 0 | E46: =IF(OR(A46="",C46="fără sezon"),0,INDEX('Prețuri de setat'!$F$5:$F$39,MATCH(B46,Sezoane!$C$6:$C$40,1))) -> 0 | F46: =IF(OR(A46="",C46="fără sezon"),0,INDEX('Prețuri de setat'!$G$5:$G$39,MATCH(B46,Sezoane!$C$6:$C$40,1))) -> 0 | G46: =IF(OR(A46="",C46="fără sezon"),0,INDEX('Prețuri de setat'!$H$5:$H$39,MATCH(B46,Sezoane!$C$6:$C$40,1))) -> 0
A47: =IF(28<=$B$5,28,"") | B47: =IF(A47="","",$B$4+A47-1) | C47: =IF(A47="","",IF(AND(ISNUMBER(MATCH(B47,Sezoane!$C$6:$C$40,1)),B47<=INDEX(Sezoane!$D$6:$D$40,MATCH(B47,Sezoane!$C$6:$C$40,1))),INDEX(Sezoane!$A$6:$A$40,MATCH(B47,Sezoane!$C$6:$C$40,1)),"fără sezon")) | D47: =IF(OR(A47="",C47="fără sezon"),0,INDEX('Prețuri de setat'!$E$5:$E$39,MATCH(B47,Sezoane!$C$6:$C$40,1))) -> 0 | E47: =IF(OR(A47="",C47="fără sezon"),0,INDEX('Prețuri de setat'!$F$5:$F$39,MATCH(B47,Sezoane!$C$6:$C$40,1))) -> 0 | F47: =IF(OR(A47="",C47="fără sezon"),0,INDEX('Prețuri de setat'!$G$5:$G$39,MATCH(B47,Sezoane!$C$6:$C$40,1))) -> 0 | G47: =IF(OR(A47="",C47="fără sezon"),0,INDEX('Prețuri de setat'!$H$5:$H$39,MATCH(B47,Sezoane!$C$6:$C$40,1))) -> 0
A48: =IF(29<=$B$5,29,"") | B48: =IF(A48="","",$B$4+A48-1) | C48: =IF(A48="","",IF(AND(ISNUMBER(MATCH(B48,Sezoane!$C$6:$C$40,1)),B48<=INDEX(Sezoane!$D$6:$D$40,MATCH(B48,Sezoane!$C$6:$C$40,1))),INDEX(Sezoane!$A$6:$A$40,MATCH(B48,Sezoane!$C$6:$C$40,1)),"fără sezon")) | D48: =IF(OR(A48="",C48="fără sezon"),0,INDEX('Prețuri de setat'!$E$5:$E$39,MATCH(B48,Sezoane!$C$6:$C$40,1))) -> 0 | E48: =IF(OR(A48="",C48="fără sezon"),0,INDEX('Prețuri de setat'!$F$5:$F$39,MATCH(B48,Sezoane!$C$6:$C$40,1))) -> 0 | F48: =IF(OR(A48="",C48="fără sezon"),0,INDEX('Prețuri de setat'!$G$5:$G$39,MATCH(B48,Sezoane!$C$6:$C$40,1))) -> 0 | G48: =IF(OR(A48="",C48="fără sezon"),0,INDEX('Prețuri de setat'!$H$5:$H$39,MATCH(B48,Sezoane!$C$6:$C$40,1))) -> 0
A49: =IF(30<=$B$5,30,"") | B49: =IF(A49="","",$B$4+A49-1) | C49: =IF(A49="","",IF(AND(ISNUMBER(MATCH(B49,Sezoane!$C$6:$C$40,1)),B49<=INDEX(Sezoane!$D$6:$D$40,MATCH(B49,Sezoane!$C$6:$C$40,1))),INDEX(Sezoane!$A$6:$A$40,MATCH(B49,Sezoane!$C$6:$C$40,1)),"fără sezon")) | D49: =IF(OR(A49="",C49="fără sezon"),0,INDEX('Prețuri de setat'!$E$5:$E$39,MATCH(B49,Sezoane!$C$6:$C$40,1))) -> 0 | E49: =IF(OR(A49="",C49="fără sezon"),0,INDEX('Prețuri de setat'!$F$5:$F$39,MATCH(B49,Sezoane!$C$6:$C$40,1))) -> 0 | F49: =IF(OR(A49="",C49="fără sezon"),0,INDEX('Prețuri de setat'!$G$5:$G$39,MATCH(B49,Sezoane!$C$6:$C$40,1))) -> 0 | G49: =IF(OR(A49="",C49="fără sezon"),0,INDEX('Prețuri de setat'!$H$5:$H$39,MATCH(B49,Sezoane!$C$6:$C$40,1))) -> 0

Sheet Calendar
A1: Calendar zilnic – preț pe noapte pe fiecare canal (12 luni)
A2: Prima zi: | B2: 46316
A4: Data | B4: Zi | C4: Sezon | D4: Nopți min. | E4: Site | F4: Booking | G4: Airbnb | H4: Travelminit | I4: Câștig net
A5: =$B$2+0 -> 46316 | B5: =CHOOSE(WEEKDAY(A5,2),"Lu","Ma","Mi","Jo","Vi","Sâ","Du") -> Mi | C5: =IF(AND(ISNUMBER(MATCH(A5,Sezoane!$C$6:$C$40,1)),A5<=INDEX(Sezoane!$D$6:$D$40,MATCH(A5,Sezoane!$C$6:$C$40,1))),INDEX(Sezoane!$A$6:$A$40,MATCH(A5,Sezoane!$C$6:$C$40,1)),"⚠ fără sezon") -> vara-toamna-2026 | D5: =IF(AND(ISNUMBER(MATCH(A5,Sezoane!$C$6:$C$40,1)),A5<=INDEX(Sezoane!$D$6:$D$40,MATCH(A5,Sezoane!$C$6:$C$40,1))),INDEX(Sezoane!$F$6:$F$40,MATCH(A5,Sezoane!$C$6:$C$40,1)),"") -> 2 | E5: =IF(AND(ISNUMBER(MATCH(A5,Sezoane!$C$6:$C$40,1)),A5<=INDEX(Sezoane!$D$6:$D$40,MATCH(A5,Sezoane!$C$6:$C$40,1))),INDEX('Prețuri de setat'!$E$5:$E$39,MATCH(A5,Sezoane!$C$6:$C$40,1)),"") -> 900 | F5: =IF(AND(ISNUMBER(MATCH(A5,Sezoane!$C$6:$C$40,1)),A5<=INDEX(Sezoane!$D$6:$D$40,MATCH(A5,Sezoane!$C$6:$C$40,1))),INDEX('Prețuri de setat'!$F$5:$F$39,MATCH(A5,Sezoane!$C$6:$C$40,1)),"") -> 1130 | G5: =IF(AND(ISNUMBER(MATCH(A5,Sezoane!$C$6:$C$40,1)),A5<=INDEX(Sezoane!$D$6:$D$40,MATCH(A5,Sezoane!$C$6:$C$40,1))),INDEX('Prețuri de setat'!$G$5:$G$39,MATCH(A5,Sezoane!$C$6:$C$40,1)),"") -> 920 | H5: =IF(AND(ISNUMBER(MATCH(A5,Sezoane!$C$6:$C$40,1)),A5<=INDEX(Sezoane!$D$6:$D$40,MATCH(A5,Sezoane!$C$6:$C$40,1))),INDEX('Prețuri de setat'!$H$5:$H$39,MATCH(A5,Sezoane!$C$6:$C$40,1)),"") -> 980 | I5: =IF(AND(ISNUMBER(MATCH(A5,Sezoane!$C$6:$C$40,1)),A5<=INDEX(Sezoane!$D$6:$D$40,MATCH(A5,Sezoane!$C$6:$C$40,1))),INDEX('Prețuri de setat'!$I$5:$I$39,MATCH(A5,Sezoane!$C$6:$C$40,1)),"") -> 852
A6: =$B$2+1 -> 46317 | B6: =CHOOSE(WEEKDAY(A6,2),"Lu","Ma","Mi","Jo","Vi","Sâ","Du") -> Jo | C6: =IF(AND(ISNUMBER(MATCH(A6,Sezoane!$C$6:$C$40,1)),A6<=INDEX(Sezoane!$D$6:$D$40,MATCH(A6,Sezoane!$C$6:$C$40,1))),INDEX(Sezoane!$A$6:$A$40,MATCH(A6,Sezoane!$C$6:$C$40,1)),"⚠ fără sezon") -> vara-toamna-2026 | D6: =IF(AND(ISNUMBER(MATCH(A6,Sezoane!$C$6:$C$40,1)),A6<=INDEX(Sezoane!$D$6:$D$40,MATCH(A6,Sezoane!$C$6:$C$40,1))),INDEX(Sezoane!$F$6:$F$40,MATCH(A6,Sezoane!$C$6:$C$40,1)),"") -> 2 | E6: =IF(AND(ISNUMBER(MATCH(A6,Sezoane!$C$6:$C$40,1)),A6<=INDEX(Sezoane!$D$6:$D$40,MATCH(A6,Sezoane!$C$6:$C$40,1))),INDEX('Prețuri de setat'!$E$5:$E$39,MATCH(A6,Sezoane!$C$6:$C$40,1)),"") -> 900 | F6: =IF(AND(ISNUMBER(MATCH(A6,Sezoane!$C$6:$C$40,1)),A6<=INDEX(Sezoane!$D$6:$D$40,MATCH(A6,Sezoane!$C$6:$C$40,1))),INDEX('Prețuri de setat'!$F$5:$F$39,MATCH(A6,Sezoane!$C$6:$C$40,1)),"") -> 1130 | G6: =IF(AND(ISNUMBER(MATCH(A6,Sezoane!$C$6:$C$40,1)),A6<=INDEX(Sezoane!$D$6:$D$40,MATCH(A6,Sezoane!$C$6:$C$40,1))),INDEX('Prețuri de setat'!$G$5:$G$39,MATCH(A6,Sezoane!$C$6:$C$40,1)),"") -> 920 | H6: =IF(AND(ISNUMBER(MATCH(A6,Sezoane!$C$6:$C$40,1)),A6<=INDEX(Sezoane!$D$6:$D$40,MATCH(A6,Sezoane!$C$6:$C$40,1))),INDEX('Prețuri de setat'!$H$5:$H$39,MATCH(A6,Sezoane!$C$6:$C$40,1)),"") -> 980 | I6: =IF(AND(ISNUMBER(MATCH(A6,Sezoane!$C$6:$C$40,1)),A6<=INDEX(Sezoane!$D$6:$D$40,MATCH(A6,Sezoane!$C$6:$C$40,1))),INDEX('Prețuri de setat'!$I$5:$I$39,MATCH(A6,Sezoane!$C$6:$C$40,1)),"") -> 852
